prefectureCode,prefectureName,schoolName,area,department,fiscalYear,quota,finalApplicants,finalRate,sourceUrl,docTitle,fetchedAt
chiba,千葉県,千葉,,普通科,令和8年度（2026年度）,240,331,1.38,https://www.pref.chiba.lg.jp/kyouiku/shidou/nyuushi/koukou/r8/documents/r8kakuteiippan.pdf,千葉県教育委員会 令和8年度公立高等学校一般入学者選抜等志願者確定数一覧＜その1〜6＞,2026-07-24
chiba,千葉県,千葉女子,,普通科,令和8年度（2026年度）,240,234,0.98,https://www.pref.chiba.lg.jp/kyouiku/shidou/nyuushi/koukou/r8/documents/r8kakuteiippan.pdf,千葉県教育委員会 令和8年度公立高等学校一般入学者選抜等志願者確定数一覧＜その1〜6＞,2026-07-24
chiba,千葉県,千葉女子,,家政科,令和8年度（2026年度）,40,33,0.83,https://www.pref.chiba.lg.jp/kyouiku/shidou/nyuushi/koukou/r8/documents/r8kakuteiippan.pdf,千葉県教育委員会 令和8年度公立高等学校一般入学者選抜等志願者確定数一覧＜その1〜6＞,2026-07-24
chiba,千葉県,千葉東,,普通科,令和8年度（2026年度）,320,448,1.4,https://www.pref.chiba.lg.jp/kyouiku/shidou/nyuushi/koukou/r8/documents/r8kakuteiippan.pdf,千葉県教育委員会 令和8年度公立高等学校一般入学者選抜等志願者確定数一覧＜その1〜6＞,2026-07-24
chiba,千葉県,千葉商業,,商業科・情報処理科,令和8年度（2026年度）,320,359,1.12,https://www.pref.chiba.lg.jp/kyouiku/shidou/nyuushi/koukou/r8/documents/r8kakuteiippan.pdf,千葉県教育委員会 令和8年度公立高等学校一般入学者選抜等志願者確定数一覧＜その1〜6＞,2026-07-24
chiba,千葉県,京葉工業,,機械科,令和8年度（2026年度）,40,32,0.8,https://www.pref.chiba.lg.jp/kyouiku/shidou/nyuushi/koukou/r8/documents/r8kakuteiippan.pdf,千葉県教育委員会 令和8年度公立高等学校一般入学者選抜等志願者確定数一覧＜その1〜6＞,2026-07-24
chiba,千葉県,京葉工業,,電子工業科,令和8年度（2026年度）,80,60,0.75,https://www.pref.chiba.lg.jp/kyouiku/shidou/nyuushi/koukou/r8/documents/r8kakuteiippan.pdf,千葉県教育委員会 令和8年度公立高等学校一般入学者選抜等志願者確定数一覧＜その1〜6＞,2026-07-24
chiba,千葉県,京葉工業,,設備システム科,令和8年度（2026年度）,40,29,0.73,https://www.pref.chiba.lg.jp/kyouiku/shidou/nyuushi/koukou/r8/documents/r8kakuteiippan.pdf,千葉県教育委員会 令和8年度公立高等学校一般入学者選抜等志願者確定数一覧＜その1〜6＞,2026-07-24
chiba,千葉県,京葉工業,,建設科,令和8年度（2026年度）,40,21,0.53,https://www.pref.chiba.lg.jp/kyouiku/shidou/nyuushi/koukou/r8/documents/r8kakuteiippan.pdf,千葉県教育委員会 令和8年度公立高等学校一般入学者選抜等志願者確定数一覧＜その1〜6＞,2026-07-24
chiba,千葉県,千葉工業,,電子機械科,令和8年度（2026年度）,40,55,1.38,https://www.pref.chiba.lg.jp/kyouiku/shidou/nyuushi/koukou/r8/documents/r8kakuteiippan.pdf,千葉県教育委員会 令和8年度公立高等学校一般入学者選抜等志願者確定数一覧＜その1〜6＞,2026-07-24
chiba,千葉県,千葉工業,,電気科,令和8年度（2026年度）,40,50,1.25,https://www.pref.chiba.lg.jp/kyouiku/shidou/nyuushi/koukou/r8/documents/r8kakuteiippan.pdf,千葉県教育委員会 令和8年度公立高等学校一般入学者選抜等志願者確定数一覧＜その1〜6＞,2026-07-24
chiba,千葉県,千葉工業,,情報技術科,令和8年度（2026年度）,40,51,1.28,https://www.pref.chiba.lg.jp/kyouiku/shidou/nyuushi/koukou/r8/documents/r8kakuteiippan.pdf,千葉県教育委員会 令和8年度公立高等学校一般入学者選抜等志願者確定数一覧＜その1〜6＞,2026-07-24
chiba,千葉県,千葉工業,,工業化学科,令和8年度（2026年度）,40,39,0.98,https://www.pref.chiba.lg.jp/kyouiku/shidou/nyuushi/koukou/r8/documents/r8kakuteiippan.pdf,千葉県教育委員会 令和8年度公立高等学校一般入学者選抜等志願者確定数一覧＜その1〜6＞,2026-07-24
chiba,千葉県,千葉工業,,理数工学科,令和8年度（2026年度）,40,31,0.78,https://www.pref.chiba.lg.jp/kyouiku/shidou/nyuushi/koukou/r8/documents/r8kakuteiippan.pdf,千葉県教育委員会 令和8年度公立高等学校一般入学者選抜等志願者確定数一覧＜その1〜6＞,2026-07-24
chiba,千葉県,千葉南,,普通科,令和8年度（2026年度）,320,340,1.06,https://www.pref.chiba.lg.jp/kyouiku/shidou/nyuushi/koukou/r8/documents/r8kakuteiippan.pdf,千葉県教育委員会 令和8年度公立高等学校一般入学者選抜等志願者確定数一覧＜その1〜6＞,2026-07-24
chiba,千葉県,検見川,,普通科,令和8年度（2026年度）,320,514,1.61,https://www.pref.chiba.lg.jp/kyouiku/shidou/nyuushi/koukou/r8/documents/r8kakuteiippan.pdf,千葉県教育委員会 令和8年度公立高等学校一般入学者選抜等志願者確定数一覧＜その1〜6＞,2026-07-24
chiba,千葉県,千葉北,,普通科,令和8年度（2026年度）,280,278,0.99,https://www.pref.chiba.lg.jp/kyouiku/shidou/nyuushi/koukou/r8/documents/r8kakuteiippan.pdf,千葉県教育委員会 令和8年度公立高等学校一般入学者選抜等志願者確定数一覧＜その1〜6＞,2026-07-24
chiba,千葉県,若松,,普通科,令和8年度（2026年度）,320,324,1.01,https://www.pref.chiba.lg.jp/kyouiku/shidou/nyuushi/koukou/r8/documents/r8kakuteiippan.pdf,千葉県教育委員会 令和8年度公立高等学校一般入学者選抜等志願者確定数一覧＜その1〜6＞,2026-07-24
chiba,千葉県,千城台,,普通科,令和8年度（2026年度）,280,283,1.01,https://www.pref.chiba.lg.jp/kyouiku/shidou/nyuushi/koukou/r8/documents/r8kakuteiippan.pdf,千葉県教育委員会 令和8年度公立高等学校一般入学者選抜等志願者確定数一覧＜その1〜6＞,2026-07-24
chiba,千葉県,生浜,,普通科,令和8年度（2026年度）,80,88,1.1,https://www.pref.chiba.lg.jp/kyouiku/shidou/nyuushi/koukou/r8/documents/r8kakuteiippan.pdf,千葉県教育委員会 令和8年度公立高等学校一般入学者選抜等志願者確定数一覧＜その1〜6＞,2026-07-24
chiba,千葉県,磯辺,,普通科,令和8年度（2026年度）,320,447,1.4,https://www.pref.chiba.lg.jp/kyouiku/shidou/nyuushi/koukou/r8/documents/r8kakuteiippan.pdf,千葉県教育委員会 令和8年度公立高等学校一般入学者選抜等志願者確定数一覧＜その1〜6＞,2026-07-24
chiba,千葉県,泉,,普通科,令和8年度（2026年度）,120,91,0.76,https://www.pref.chiba.lg.jp/kyouiku/shidou/nyuushi/koukou/r8/documents/r8kakuteiippan.pdf,千葉県教育委員会 令和8年度公立高等学校一般入学者選抜等志願者確定数一覧＜その1〜6＞,2026-07-24
chiba,千葉県,幕張総合,,総合学科,令和8年度（2026年度）,640,910,1.42,https://www.pref.chiba.lg.jp/kyouiku/shidou/nyuushi/koukou/r8/documents/r8kakuteiippan.pdf,千葉県教育委員会 令和8年度公立高等学校一般入学者選抜等志願者確定数一覧＜その1〜6＞,2026-07-24
chiba,千葉県,幕張総合,,看護科,令和8年度（2026年度）,40,58,1.45,https://www.pref.chiba.lg.jp/kyouiku/shidou/nyuushi/koukou/r8/documents/r8kakuteiippan.pdf,千葉県教育委員会 令和8年度公立高等学校一般入学者選抜等志願者確定数一覧＜その1〜6＞,2026-07-24
chiba,千葉県,柏井,,普通科,令和8年度（2026年度）,200,240,1.2,https://www.pref.chiba.lg.jp/kyouiku/shidou/nyuushi/koukou/r8/documents/r8kakuteiippan.pdf,千葉県教育委員会 令和8年度公立高等学校一般入学者選抜等志願者確定数一覧＜その1〜6＞,2026-07-24
chiba,千葉県,土気,,普通科,令和8年度（2026年度）,240,279,1.16,https://www.pref.chiba.lg.jp/kyouiku/shidou/nyuushi/koukou/r8/documents/r8kakuteiippan.pdf,千葉県教育委員会 令和8年度公立高等学校一般入学者選抜等志願者確定数一覧＜その1〜6＞,2026-07-24
chiba,千葉県,千葉西,,普通科,令和8年度（2026年度）,320,356,1.11,https://www.pref.chiba.lg.jp/kyouiku/shidou/nyuushi/koukou/r8/documents/r8kakuteiippan.pdf,千葉県教育委員会 令和8年度公立高等学校一般入学者選抜等志願者確定数一覧＜その1〜6＞,2026-07-24
chiba,千葉県,犢橋,,普通科,令和8年度（2026年度）,200,193,0.97,https://www.pref.chiba.lg.jp/kyouiku/shidou/nyuushi/koukou/r8/documents/r8kakuteiippan.pdf,千葉県教育委員会 令和8年度公立高等学校一般入学者選抜等志願者確定数一覧＜その1〜6＞,2026-07-24
chiba,千葉県,八千代,,普通科,令和8年度（2026年度）,240,338,1.41,https://www.pref.chiba.lg.jp/kyouiku/shidou/nyuushi/koukou/r8/documents/r8kakuteiippan.pdf,千葉県教育委員会 令和8年度公立高等学校一般入学者選抜等志願者確定数一覧＜その1〜6＞,2026-07-24
chiba,千葉県,八千代,,家政科,令和8年度（2026年度）,40,35,0.88,https://www.pref.chiba.lg.jp/kyouiku/shidou/nyuushi/koukou/r8/documents/r8kakuteiippan.pdf,千葉県教育委員会 令和8年度公立高等学校一般入学者選抜等志願者確定数一覧＜その1〜6＞,2026-07-24
chiba,千葉県,八千代,,体育科,令和8年度（2026年度）,40,42,1.05,https://www.pref.chiba.lg.jp/kyouiku/shidou/nyuushi/koukou/r8/documents/r8kakuteiippan.pdf,千葉県教育委員会 令和8年度公立高等学校一般入学者選抜等志願者確定数一覧＜その1〜6＞,2026-07-24
chiba,千葉県,八千代東,,普通科,令和8年度（2026年度）,200,184,0.92,https://www.pref.chiba.lg.jp/kyouiku/shidou/nyuushi/koukou/r8/documents/r8kakuteiippan.pdf,千葉県教育委員会 令和8年度公立高等学校一般入学者選抜等志願者確定数一覧＜その1〜6＞,2026-07-24
chiba,千葉県,八千代西,,普通科,令和8年度（2026年度）,80,61,0.76,https://www.pref.chiba.lg.jp/kyouiku/shidou/nyuushi/koukou/r8/documents/r8kakuteiippan.pdf,千葉県教育委員会 令和8年度公立高等学校一般入学者選抜等志願者確定数一覧＜その1〜6＞,2026-07-24
chiba,千葉県,津田沼,,普通科,令和8年度（2026年度）,320,393,1.23,https://www.pref.chiba.lg.jp/kyouiku/shidou/nyuushi/koukou/r8/documents/r8kakuteiippan.pdf,千葉県教育委員会 令和8年度公立高等学校一般入学者選抜等志願者確定数一覧＜その1〜6＞,2026-07-24
chiba,千葉県,実籾,,普通科,令和8年度（2026年度）,320,364,1.14,https://www.pref.chiba.lg.jp/kyouiku/shidou/nyuushi/koukou/r8/documents/r8kakuteiippan.pdf,千葉県教育委員会 令和8年度公立高等学校一般入学者選抜等志願者確定数一覧＜その1〜6＞,2026-07-24
chiba,千葉県,船橋,,普通科,令和8年度（2026年度）,320,618,1.93,https://www.pref.chiba.lg.jp/kyouiku/shidou/nyuushi/koukou/r8/documents/r8kakuteiippan.pdf,千葉県教育委員会 令和8年度公立高等学校一般入学者選抜等志願者確定数一覧＜その1〜6＞,2026-07-24
chiba,千葉県,船橋,,理数科,令和8年度（2026年度）,40,88,2.2,https://www.pref.chiba.lg.jp/kyouiku/shidou/nyuushi/koukou/r8/documents/r8kakuteiippan.pdf,千葉県教育委員会 令和8年度公立高等学校一般入学者選抜等志願者確定数一覧＜その1〜6＞,2026-07-24
chiba,千葉県,薬園台,,普通科,令和8年度（2026年度）,280,480,1.71,https://www.pref.chiba.lg.jp/kyouiku/shidou/nyuushi/koukou/r8/documents/r8kakuteiippan.pdf,千葉県教育委員会 令和8年度公立高等学校一般入学者選抜等志願者確定数一覧＜その1〜6＞,2026-07-24
chiba,千葉県,薬園台,,園芸科,令和8年度（2026年度）,40,47,1.18,https://www.pref.chiba.lg.jp/kyouiku/shidou/nyuushi/koukou/r8/documents/r8kakuteiippan.pdf,千葉県教育委員会 令和8年度公立高等学校一般入学者選抜等志願者確定数一覧＜その1〜6＞,2026-07-24
chiba,千葉県,船橋東,,普通科,令和8年度（2026年度）,320,451,1.41,https://www.pref.chiba.lg.jp/kyouiku/shidou/nyuushi/koukou/r8/documents/r8kakuteiippan.pdf,千葉県教育委員会 令和8年度公立高等学校一般入学者選抜等志願者確定数一覧＜その1〜6＞,2026-07-24
chiba,千葉県,船橋啓明,,普通科,令和8年度（2026年度）,320,333,1.04,https://www.pref.chiba.lg.jp/kyouiku/shidou/nyuushi/koukou/r8/documents/r8kakuteiippan.pdf,千葉県教育委員会 令和8年度公立高等学校一般入学者選抜等志願者確定数一覧＜その1〜6＞,2026-07-24
chiba,千葉県,船橋芝山,,普通科,令和8年度（2026年度）,320,446,1.39,https://www.pref.chiba.lg.jp/kyouiku/shidou/nyuushi/koukou/r8/documents/r8kakuteiippan.pdf,千葉県教育委員会 令和8年度公立高等学校一般入学者選抜等志願者確定数一覧＜その1〜6＞,2026-07-24
chiba,千葉県,船橋二和,,普通科,令和8年度（2026年度）,280,296,1.06,https://www.pref.chiba.lg.jp/kyouiku/shidou/nyuushi/koukou/r8/documents/r8kakuteiippan.pdf,千葉県教育委員会 令和8年度公立高等学校一般入学者選抜等志願者確定数一覧＜その1〜6＞,2026-07-24
chiba,千葉県,船橋古和釜,,普通科,令和8年度（2026年度）,200,193,0.97,https://www.pref.chiba.lg.jp/kyouiku/shidou/nyuushi/koukou/r8/documents/r8kakuteiippan.pdf,千葉県教育委員会 令和8年度公立高等学校一般入学者選抜等志願者確定数一覧＜その1〜6＞,2026-07-24
chiba,千葉県,船橋法典,,普通科,令和8年度（2026年度）,200,201,1.01,https://www.pref.chiba.lg.jp/kyouiku/shidou/nyuushi/koukou/r8/documents/r8kakuteiippan.pdf,千葉県教育委員会 令和8年度公立高等学校一般入学者選抜等志願者確定数一覧＜その1〜6＞,2026-07-24
chiba,千葉県,船橋豊富,,普通科,令和8年度（2026年度）,80,81,1.01,https://www.pref.chiba.lg.jp/kyouiku/shidou/nyuushi/koukou/r8/documents/r8kakuteiippan.pdf,千葉県教育委員会 令和8年度公立高等学校一般入学者選抜等志願者確定数一覧＜その1〜6＞,2026-07-24
chiba,千葉県,船橋北,,普通科,令和8年度（2026年度）,160,94,0.59,https://www.pref.chiba.lg.jp/kyouiku/shidou/nyuushi/koukou/r8/documents/r8kakuteiippan.pdf,千葉県教育委員会 令和8年度公立高等学校一般入学者選抜等志願者確定数一覧＜その1〜6＞,2026-07-24
chiba,千葉県,市川工業,,機械科,令和8年度（2026年度）,80,79,0.99,https://www.pref.chiba.lg.jp/kyouiku/shidou/nyuushi/koukou/r8/documents/r8kakuteiippan.pdf,千葉県教育委員会 令和8年度公立高等学校一般入学者選抜等志願者確定数一覧＜その1〜6＞,2026-07-24
chiba,千葉県,市川工業,,電気科,令和8年度（2026年度）,80,82,1.03,https://www.pref.chiba.lg.jp/kyouiku/shidou/nyuushi/koukou/r8/documents/r8kakuteiippan.pdf,千葉県教育委員会 令和8年度公立高等学校一般入学者選抜等志願者確定数一覧＜その1〜6＞,2026-07-24
chiba,千葉県,市川工業,,建築科,令和8年度（2026年度）,40,30,0.75,https://www.pref.chiba.lg.jp/kyouiku/shidou/nyuushi/koukou/r8/documents/r8kakuteiippan.pdf,千葉県教育委員会 令和8年度公立高等学校一般入学者選抜等志願者確定数一覧＜その1〜6＞,2026-07-24
chiba,千葉県,市川工業,,インテリア科,令和8年度（2026年度）,40,47,1.18,https://www.pref.chiba.lg.jp/kyouiku/shidou/nyuushi/koukou/r8/documents/r8kakuteiippan.pdf,千葉県教育委員会 令和8年度公立高等学校一般入学者選抜等志願者確定数一覧＜その1〜6＞,2026-07-24
chiba,千葉県,国府台,,普通科,令和8年度（2026年度）,320,373,1.17,https://www.pref.chiba.lg.jp/kyouiku/shidou/nyuushi/koukou/r8/documents/r8kakuteiippan.pdf,千葉県教育委員会 令和8年度公立高等学校一般入学者選抜等志願者確定数一覧＜その1〜6＞,2026-07-24
chiba,千葉県,国分,,普通科,令和8年度（2026年度）,320,420,1.31,https://www.pref.chiba.lg.jp/kyouiku/shidou/nyuushi/koukou/r8/documents/r8kakuteiippan.pdf,千葉県教育委員会 令和8年度公立高等学校一般入学者選抜等志願者確定数一覧＜その1〜6＞,2026-07-24
chiba,千葉県,行徳,,普通科,令和8年度（2026年度）,120,103,0.86,https://www.pref.chiba.lg.jp/kyouiku/shidou/nyuushi/koukou/r8/documents/r8kakuteiippan.pdf,千葉県教育委員会 令和8年度公立高等学校一般入学者選抜等志願者確定数一覧＜その1〜6＞,2026-07-24
chiba,千葉県,市川東,,普通科,令和8年度（2026年度）,320,328,1.03,https://www.pref.chiba.lg.jp/kyouiku/shidou/nyuushi/koukou/r8/documents/r8kakuteiippan.pdf,千葉県教育委員会 令和8年度公立高等学校一般入学者選抜等志願者確定数一覧＜その1〜6＞,2026-07-24
chiba,千葉県,市川昴,,普通科,令和8年度（2026年度）,320,320,1,https://www.pref.chiba.lg.jp/kyouiku/shidou/nyuushi/koukou/r8/documents/r8kakuteiippan.pdf,千葉県教育委員会 令和8年度公立高等学校一般入学者選抜等志願者確定数一覧＜その1〜6＞,2026-07-24
chiba,千葉県,市川南,,普通科,令和8年度（2026年度）,280,281,1,https://www.pref.chiba.lg.jp/kyouiku/shidou/nyuushi/koukou/r8/documents/r8kakuteiippan.pdf,千葉県教育委員会 令和8年度公立高等学校一般入学者選抜等志願者確定数一覧＜その1〜6＞,2026-07-24
chiba,千葉県,浦安,,普通科,令和8年度（2026年度）,200,170,0.85,https://www.pref.chiba.lg.jp/kyouiku/shidou/nyuushi/koukou/r8/documents/r8kakuteiippan.pdf,千葉県教育委員会 令和8年度公立高等学校一般入学者選抜等志願者確定数一覧＜その1〜6＞,2026-07-24
chiba,千葉県,浦安南,,普通科,令和8年度（2026年度）,120,62,0.52,https://www.pref.chiba.lg.jp/kyouiku/shidou/nyuushi/koukou/r8/documents/r8kakuteiippan.pdf,千葉県教育委員会 令和8年度公立高等学校一般入学者選抜等志願者確定数一覧＜その1〜6＞,2026-07-24
chiba,千葉県,鎌ヶ谷,,普通科,令和8年度（2026年度）,320,435,1.36,https://www.pref.chiba.lg.jp/kyouiku/shidou/nyuushi/koukou/r8/documents/r8kakuteiippan.pdf,千葉県教育委員会 令和8年度公立高等学校一般入学者選抜等志願者確定数一覧＜その1〜6＞,2026-07-24
chiba,千葉県,鎌ヶ谷西,,普通科,令和8年度（2026年度）,160,172,1.08,https://www.pref.chiba.lg.jp/kyouiku/shidou/nyuushi/koukou/r8/documents/r8kakuteiippan.pdf,千葉県教育委員会 令和8年度公立高等学校一般入学者選抜等志願者確定数一覧＜その1〜6＞,2026-07-24
chiba,千葉県,松戸,,普通科,令和8年度（2026年度）,200,223,1.12,https://www.pref.chiba.lg.jp/kyouiku/shidou/nyuushi/koukou/r8/documents/r8kakuteiippan.pdf,千葉県教育委員会 令和8年度公立高等学校一般入学者選抜等志願者確定数一覧＜その1〜6＞,2026-07-24
chiba,千葉県,松戸,,芸術科,令和8年度（2026年度）,40,44,1.1,https://www.pref.chiba.lg.jp/kyouiku/shidou/nyuushi/koukou/r8/documents/r8kakuteiippan.pdf,千葉県教育委員会 令和8年度公立高等学校一般入学者選抜等志願者確定数一覧＜その1〜6＞,2026-07-24
chiba,千葉県,小金,,総合学科,令和8年度（2026年度）,320,598,1.87,https://www.pref.chiba.lg.jp/kyouiku/shidou/nyuushi/koukou/r8/documents/r8kakuteiippan.pdf,千葉県教育委員会 令和8年度公立高等学校一般入学者選抜等志願者確定数一覧＜その1〜6＞,2026-07-24
chiba,千葉県,松戸国際,,普通科,令和8年度（2026年度）,200,219,1.1,https://www.pref.chiba.lg.jp/kyouiku/shidou/nyuushi/koukou/r8/documents/r8kakuteiippan.pdf,千葉県教育委員会 令和8年度公立高等学校一般入学者選抜等志願者確定数一覧＜その1〜6＞,2026-07-24
chiba,千葉県,松戸国際,,国際教養科,令和8年度（2026年度）,120,113,0.94,https://www.pref.chiba.lg.jp/kyouiku/shidou/nyuushi/koukou/r8/documents/r8kakuteiippan.pdf,千葉県教育委員会 令和8年度公立高等学校一般入学者選抜等志願者確定数一覧＜その1〜6＞,2026-07-24
chiba,千葉県,松戸六実,,普通科,令和8年度（2026年度）,320,444,1.39,https://www.pref.chiba.lg.jp/kyouiku/shidou/nyuushi/koukou/r8/documents/r8kakuteiippan.pdf,千葉県教育委員会 令和8年度公立高等学校一般入学者選抜等志願者確定数一覧＜その1〜6＞,2026-07-24
chiba,千葉県,松戸向陽,,普通科,令和8年度（2026年度）,160,182,1.14,https://www.pref.chiba.lg.jp/kyouiku/shidou/nyuushi/koukou/r8/documents/r8kakuteiippan.pdf,千葉県教育委員会 令和8年度公立高等学校一般入学者選抜等志願者確定数一覧＜その1〜6＞,2026-07-24
chiba,千葉県,松戸向陽,,福祉教養科,令和8年度（2026年度）,40,40,1,https://www.pref.chiba.lg.jp/kyouiku/shidou/nyuushi/koukou/r8/documents/r8kakuteiippan.pdf,千葉県教育委員会 令和8年度公立高等学校一般入学者選抜等志願者確定数一覧＜その1〜6＞,2026-07-24
chiba,千葉県,松戸馬橋,,普通科,令和8年度（2026年度）,320,361,1.13,https://www.pref.chiba.lg.jp/kyouiku/shidou/nyuushi/koukou/r8/documents/r8kakuteiippan.pdf,千葉県教育委員会 令和8年度公立高等学校一般入学者選抜等志願者確定数一覧＜その1〜6＞,2026-07-24
chiba,千葉県,東葛飾,,普通科,令和8年度（2026年度）,240,437,1.82,https://www.pref.chiba.lg.jp/kyouiku/shidou/nyuushi/koukou/r8/documents/r8kakuteiippan.pdf,千葉県教育委員会 令和8年度公立高等学校一般入学者選抜等志願者確定数一覧＜その1〜6＞,2026-07-24
chiba,千葉県,柏,,普通科,令和8年度（2026年度）,280,337,1.2,https://www.pref.chiba.lg.jp/kyouiku/shidou/nyuushi/koukou/r8/documents/r8kakuteiippan.pdf,千葉県教育委員会 令和8年度公立高等学校一般入学者選抜等志願者確定数一覧＜その1〜6＞,2026-07-24
chiba,千葉県,柏,,理数科,令和8年度（2026年度）,40,53,1.33,https://www.pref.chiba.lg.jp/kyouiku/shidou/nyuushi/koukou/r8/documents/r8kakuteiippan.pdf,千葉県教育委員会 令和8年度公立高等学校一般入学者選抜等志願者確定数一覧＜その1〜6＞,2026-07-24
chiba,千葉県,柏南,,普通科,令和8年度（2026年度）,360,531,1.48,https://www.pref.chiba.lg.jp/kyouiku/shidou/nyuushi/koukou/r8/documents/r8kakuteiippan.pdf,千葉県教育委員会 令和8年度公立高等学校一般入学者選抜等志願者確定数一覧＜その1〜6＞,2026-07-24
chiba,千葉県,柏陵,,普通科,令和8年度（2026年度）,320,362,1.13,https://www.pref.chiba.lg.jp/kyouiku/shidou/nyuushi/koukou/r8/documents/r8kakuteiippan.pdf,千葉県教育委員会 令和8年度公立高等学校一般入学者選抜等志願者確定数一覧＜その1〜6＞,2026-07-24
chiba,千葉県,柏の葉,,普通科,令和8年度（2026年度）,280,370,1.32,https://www.pref.chiba.lg.jp/kyouiku/shidou/nyuushi/koukou/r8/documents/r8kakuteiippan.pdf,千葉県教育委員会 令和8年度公立高等学校一般入学者選抜等志願者確定数一覧＜その1〜6＞,2026-07-24
chiba,千葉県,柏の葉,,情報理数科,令和8年度（2026年度）,40,49,1.23,https://www.pref.chiba.lg.jp/kyouiku/shidou/nyuushi/koukou/r8/documents/r8kakuteiippan.pdf,千葉県教育委員会 令和8年度公立高等学校一般入学者選抜等志願者確定数一覧＜その1〜6＞,2026-07-24
chiba,千葉県,柏中央,,普通科,令和8年度（2026年度）,320,351,1.1,https://www.pref.chiba.lg.jp/kyouiku/shidou/nyuushi/koukou/r8/documents/r8kakuteiippan.pdf,千葉県教育委員会 令和8年度公立高等学校一般入学者選抜等志願者確定数一覧＜その1〜6＞,2026-07-24
chiba,千葉県,沼南,,普通科,令和8年度（2026年度）,80,33,0.41,https://www.pref.chiba.lg.jp/kyouiku/shidou/nyuushi/koukou/r8/documents/r8kakuteiippan.pdf,千葉県教育委員会 令和8年度公立高等学校一般入学者選抜等志願者確定数一覧＜その1〜6＞,2026-07-24
chiba,千葉県,沼南高柳,,普通科,令和8年度（2026年度）,160,141,0.88,https://www.pref.chiba.lg.jp/kyouiku/shidou/nyuushi/koukou/r8/documents/r8kakuteiippan.pdf,千葉県教育委員会 令和8年度公立高等学校一般入学者選抜等志願者確定数一覧＜その1〜6＞,2026-07-24
chiba,千葉県,流山,,園芸科,令和8年度（2026年度）,120,139,1.16,https://www.pref.chiba.lg.jp/kyouiku/shidou/nyuushi/koukou/r8/documents/r8kakuteiippan.pdf,千葉県教育委員会 令和8年度公立高等学校一般入学者選抜等志願者確定数一覧＜その1〜6＞,2026-07-24
chiba,千葉県,流山,,商業科・情報処理科,令和8年度（2026年度）,80,81,1.01,https://www.pref.chiba.lg.jp/kyouiku/shidou/nyuushi/koukou/r8/documents/r8kakuteiippan.pdf,千葉県教育委員会 令和8年度公立高等学校一般入学者選抜等志願者確定数一覧＜その1〜6＞,2026-07-24
chiba,千葉県,流山おおたかの森,,普通科,令和8年度（2026年度）,320,381,1.19,https://www.pref.chiba.lg.jp/kyouiku/shidou/nyuushi/koukou/r8/documents/r8kakuteiippan.pdf,千葉県教育委員会 令和8年度公立高等学校一般入学者選抜等志願者確定数一覧＜その1〜6＞,2026-07-24
chiba,千葉県,流山おおたかの森,,国際コミュニケーション科,令和8年度（2026年度）,40,43,1.08,https://www.pref.chiba.lg.jp/kyouiku/shidou/nyuushi/koukou/r8/documents/r8kakuteiippan.pdf,千葉県教育委員会 令和8年度公立高等学校一般入学者選抜等志願者確定数一覧＜その1〜6＞,2026-07-24
chiba,千葉県,流山南,,普通科,令和8年度（2026年度）,280,282,1.01,https://www.pref.chiba.lg.jp/kyouiku/shidou/nyuushi/koukou/r8/documents/r8kakuteiippan.pdf,千葉県教育委員会 令和8年度公立高等学校一般入学者選抜等志願者確定数一覧＜その1〜6＞,2026-07-24
chiba,千葉県,流山北,,普通科,令和8年度（2026年度）,200,127,0.64,https://www.pref.chiba.lg.jp/kyouiku/shidou/nyuushi/koukou/r8/documents/r8kakuteiippan.pdf,千葉県教育委員会 令和8年度公立高等学校一般入学者選抜等志願者確定数一覧＜その1〜6＞,2026-07-24
chiba,千葉県,野田中央,,普通科,令和8年度（2026年度）,280,232,0.83,https://www.pref.chiba.lg.jp/kyouiku/shidou/nyuushi/koukou/r8/documents/r8kakuteiippan.pdf,千葉県教育委員会 令和8年度公立高等学校一般入学者選抜等志願者確定数一覧＜その1〜6＞,2026-07-24
chiba,千葉県,清水,,食品科学科,令和8年度（2026年度）,40,39,0.98,https://www.pref.chiba.lg.jp/kyouiku/shidou/nyuushi/koukou/r8/documents/r8kakuteiippan.pdf,千葉県教育委員会 令和8年度公立高等学校一般入学者選抜等志願者確定数一覧＜その1〜6＞,2026-07-24
chiba,千葉県,清水,,機械科・電気科・環境化学科,令和8年度（2026年度）,120,115,0.96,https://www.pref.chiba.lg.jp/kyouiku/shidou/nyuushi/koukou/r8/documents/r8kakuteiippan.pdf,千葉県教育委員会 令和8年度公立高等学校一般入学者選抜等志願者確定数一覧＜その1〜6＞,2026-07-24
chiba,千葉県,関宿,,普通科,令和8年度（2026年度）,80,26,0.33,https://www.pref.chiba.lg.jp/kyouiku/shidou/nyuushi/koukou/r8/documents/r8kakuteiippan.pdf,千葉県教育委員会 令和8年度公立高等学校一般入学者選抜等志願者確定数一覧＜その1〜6＞,2026-07-24
chiba,千葉県,我孫子,,普通科,令和8年度（2026年度）,320,357,1.12,https://www.pref.chiba.lg.jp/kyouiku/shidou/nyuushi/koukou/r8/documents/r8kakuteiippan.pdf,千葉県教育委員会 令和8年度公立高等学校一般入学者選抜等志願者確定数一覧＜その1〜6＞,2026-07-24
chiba,千葉県,我孫子東,,普通科,令和8年度（2026年度）,200,132,0.66,https://www.pref.chiba.lg.jp/kyouiku/shidou/nyuushi/koukou/r8/documents/r8kakuteiippan.pdf,千葉県教育委員会 令和8年度公立高等学校一般入学者選抜等志願者確定数一覧＜その1〜6＞,2026-07-24
chiba,千葉県,白井,,普通科,令和8年度（2026年度）,240,281,1.17,https://www.pref.chiba.lg.jp/kyouiku/shidou/nyuushi/koukou/r8/documents/r8kakuteiippan.pdf,千葉県教育委員会 令和8年度公立高等学校一般入学者選抜等志願者確定数一覧＜その1〜6＞,2026-07-24
chiba,千葉県,印旛明誠,,普通科,令和8年度（2026年度）,200,239,1.2,https://www.pref.chiba.lg.jp/kyouiku/shidou/nyuushi/koukou/r8/documents/r8kakuteiippan.pdf,千葉県教育委員会 令和8年度公立高等学校一般入学者選抜等志願者確定数一覧＜その1〜6＞,2026-07-24
chiba,千葉県,成田西陵,,園芸科,令和8年度（2026年度）,40,31,0.78,https://www.pref.chiba.lg.jp/kyouiku/shidou/nyuushi/koukou/r8/documents/r8kakuteiippan.pdf,千葉県教育委員会 令和8年度公立高等学校一般入学者選抜等志願者確定数一覧＜その1〜6＞,2026-07-24
chiba,千葉県,成田西陵,,土木造園科,令和8年度（2026年度）,40,21,0.53,https://www.pref.chiba.lg.jp/kyouiku/shidou/nyuushi/koukou/r8/documents/r8kakuteiippan.pdf,千葉県教育委員会 令和8年度公立高等学校一般入学者選抜等志願者確定数一覧＜その1〜6＞,2026-07-24
chiba,千葉県,成田西陵,,食品科学科,令和8年度（2026年度）,40,40,1,https://www.pref.chiba.lg.jp/kyouiku/shidou/nyuushi/koukou/r8/documents/r8kakuteiippan.pdf,千葉県教育委員会 令和8年度公立高等学校一般入学者選抜等志願者確定数一覧＜その1〜6＞,2026-07-24
chiba,千葉県,成田西陵,,情報処理科,令和8年度（2026年度）,40,20,0.5,https://www.pref.chiba.lg.jp/kyouiku/shidou/nyuushi/koukou/r8/documents/r8kakuteiippan.pdf,千葉県教育委員会 令和8年度公立高等学校一般入学者選抜等志願者確定数一覧＜その1〜6＞,2026-07-24
chiba,千葉県,成田国際,,普通科,令和8年度（2026年度）,200,264,1.32,https://www.pref.chiba.lg.jp/kyouiku/shidou/nyuushi/koukou/r8/documents/r8kakuteiippan.pdf,千葉県教育委員会 令和8年度公立高等学校一般入学者選抜等志願者確定数一覧＜その1〜6＞,2026-07-24
chiba,千葉県,成田国際,,国際科,令和8年度（2026年度）,120,142,1.18,https://www.pref.chiba.lg.jp/kyouiku/shidou/nyuushi/koukou/r8/documents/r8kakuteiippan.pdf,千葉県教育委員会 令和8年度公立高等学校一般入学者選抜等志願者確定数一覧＜その1〜6＞,2026-07-24
chiba,千葉県,成田北,,普通科,令和8年度（2026年度）,280,310,1.11,https://www.pref.chiba.lg.jp/kyouiku/shidou/nyuushi/koukou/r8/documents/r8kakuteiippan.pdf,千葉県教育委員会 令和8年度公立高等学校一般入学者選抜等志願者確定数一覧＜その1〜6＞,2026-07-24
chiba,千葉県,下総,,園芸科,令和8年度（2026年度）,40,17,0.43,https://www.pref.chiba.lg.jp/kyouiku/shidou/nyuushi/koukou/r8/documents/r8kakuteiippan.pdf,千葉県教育委員会 令和8年度公立高等学校一般入学者選抜等志願者確定数一覧＜その1〜6＞,2026-07-24
chiba,千葉県,下総,,自動車科,令和8年度（2026年度）,40,31,0.78,https://www.pref.chiba.lg.jp/kyouiku/shidou/nyuushi/koukou/r8/documents/r8kakuteiippan.pdf,千葉県教育委員会 令和8年度公立高等学校一般入学者選抜等志願者確定数一覧＜その1〜6＞,2026-07-24
chiba,千葉県,下総,,情報処理科,令和8年度（2026年度）,40,16,0.4,https://www.pref.chiba.lg.jp/kyouiku/shidou/nyuushi/koukou/r8/documents/r8kakuteiippan.pdf,千葉県教育委員会 令和8年度公立高等学校一般入学者選抜等志願者確定数一覧＜その1〜6＞,2026-07-24
chiba,千葉県,富里,,普通科,令和8年度（2026年度）,160,173,1.08,https://www.pref.chiba.lg.jp/kyouiku/shidou/nyuushi/koukou/r8/documents/r8kakuteiippan.pdf,千葉県教育委員会 令和8年度公立高等学校一般入学者選抜等志願者確定数一覧＜その1〜6＞,2026-07-24
chiba,千葉県,佐倉,,普通科,令和8年度（2026年度）,280,424,1.51,https://www.pref.chiba.lg.jp/kyouiku/shidou/nyuushi/koukou/r8/documents/r8kakuteiippan.pdf,千葉県教育委員会 令和8年度公立高等学校一般入学者選抜等志願者確定数一覧＜その1〜6＞,2026-07-24
chiba,千葉県,佐倉,,理数科,令和8年度（2026年度）,40,65,1.63,https://www.pref.chiba.lg.jp/kyouiku/shidou/nyuushi/koukou/r8/documents/r8kakuteiippan.pdf,千葉県教育委員会 令和8年度公立高等学校一般入学者選抜等志願者確定数一覧＜その1〜6＞,2026-07-24
chiba,千葉県,佐倉東,,普通科,令和8年度（2026年度）,120,135,1.13,https://www.pref.chiba.lg.jp/kyouiku/shidou/nyuushi/koukou/r8/documents/r8kakuteiippan.pdf,千葉県教育委員会 令和8年度公立高等学校一般入学者選抜等志願者確定数一覧＜その1〜6＞,2026-07-24
chiba,千葉県,佐倉東,,調理国際科,令和8年度（2026年度）,40,50,1.25,https://www.pref.chiba.lg.jp/kyouiku/shidou/nyuushi/koukou/r8/documents/r8kakuteiippan.pdf,千葉県教育委員会 令和8年度公立高等学校一般入学者選抜等志願者確定数一覧＜その1〜6＞,2026-07-24
chiba,千葉県,佐倉東,,服飾デザイン科,令和8年度（2026年度）,40,40,1,https://www.pref.chiba.lg.jp/kyouiku/shidou/nyuushi/koukou/r8/documents/r8kakuteiippan.pdf,千葉県教育委員会 令和8年度公立高等学校一般入学者選抜等志願者確定数一覧＜その1〜6＞,2026-07-24
chiba,千葉県,佐倉西,,普通科,令和8年度（2026年度）,160,150,0.94,https://www.pref.chiba.lg.jp/kyouiku/shidou/nyuushi/koukou/r8/documents/r8kakuteiippan.pdf,千葉県教育委員会 令和8年度公立高等学校一般入学者選抜等志願者確定数一覧＜その1〜6＞,2026-07-24
chiba,千葉県,八街,,総合学科,令和8年度（2026年度）,120,116,0.97,https://www.pref.chiba.lg.jp/kyouiku/shidou/nyuushi/koukou/r8/documents/r8kakuteiippan.pdf,千葉県教育委員会 令和8年度公立高等学校一般入学者選抜等志願者確定数一覧＜その1〜6＞,2026-07-24
chiba,千葉県,四街道,,普通科,令和8年度（2026年度）,320,379,1.18,https://www.pref.chiba.lg.jp/kyouiku/shidou/nyuushi/koukou/r8/documents/r8kakuteiippan.pdf,千葉県教育委員会 令和8年度公立高等学校一般入学者選抜等志願者確定数一覧＜その1〜6＞,2026-07-24
chiba,千葉県,四街道北,,普通科,令和8年度（2026年度）,240,269,1.12,https://www.pref.chiba.lg.jp/kyouiku/shidou/nyuushi/koukou/r8/documents/r8kakuteiippan.pdf,千葉県教育委員会 令和8年度公立高等学校一般入学者選抜等志願者確定数一覧＜その1〜6＞,2026-07-24
chiba,千葉県,佐原,,普通科,令和8年度（2026年度）,240,223,0.93,https://www.pref.chiba.lg.jp/kyouiku/shidou/nyuushi/koukou/r8/documents/r8kakuteiippan.pdf,千葉県教育委員会 令和8年度公立高等学校一般入学者選抜等志願者確定数一覧＜その1〜6＞,2026-07-24
chiba,千葉県,佐原,,理数科,令和8年度（2026年度）,40,20,0.5,https://www.pref.chiba.lg.jp/kyouiku/shidou/nyuushi/koukou/r8/documents/r8kakuteiippan.pdf,千葉県教育委員会 令和8年度公立高等学校一般入学者選抜等志願者確定数一覧＜その1〜6＞,2026-07-24
chiba,千葉県,佐原白楊,,普通科,令和8年度（2026年度）,200,204,1.02,https://www.pref.chiba.lg.jp/kyouiku/shidou/nyuushi/koukou/r8/documents/r8kakuteiippan.pdf,千葉県教育委員会 令和8年度公立高等学校一般入学者選抜等志願者確定数一覧＜その1〜6＞,2026-07-24
chiba,千葉県,小見川,,普通科,令和8年度（2026年度）,160,147,0.92,https://www.pref.chiba.lg.jp/kyouiku/shidou/nyuushi/koukou/r8/documents/r8kakuteiippan.pdf,千葉県教育委員会 令和8年度公立高等学校一般入学者選抜等志願者確定数一覧＜その1〜6＞,2026-07-24
chiba,千葉県,多古,,普通科,令和8年度（2026年度）,80,38,0.48,https://www.pref.chiba.lg.jp/kyouiku/shidou/nyuushi/koukou/r8/documents/r8kakuteiippan.pdf,千葉県教育委員会 令和8年度公立高等学校一般入学者選抜等志願者確定数一覧＜その1〜6＞,2026-07-24
chiba,千葉県,多古,,園芸科,令和8年度（2026年度）,40,17,0.43,https://www.pref.chiba.lg.jp/kyouiku/shidou/nyuushi/koukou/r8/documents/r8kakuteiippan.pdf,千葉県教育委員会 令和8年度公立高等学校一般入学者選抜等志願者確定数一覧＜その1〜6＞,2026-07-24
chiba,千葉県,銚子,,普通科,令和8年度（2026年度）,120,132,1.1,https://www.pref.chiba.lg.jp/kyouiku/shidou/nyuushi/koukou/r8/documents/r8kakuteiippan.pdf,千葉県教育委員会 令和8年度公立高等学校一般入学者選抜等志願者確定数一覧＜その1〜6＞,2026-07-24
chiba,千葉県,銚子商業,,商業科・情報処理科,令和8年度（2026年度）,160,151,0.94,https://www.pref.chiba.lg.jp/kyouiku/shidou/nyuushi/koukou/r8/documents/r8kakuteiippan.pdf,千葉県教育委員会 令和8年度公立高等学校一般入学者選抜等志願者確定数一覧＜その1〜6＞,2026-07-24
chiba,千葉県,銚子商業,,海洋科,令和8年度（2026年度）,40,12,0.3,https://www.pref.chiba.lg.jp/kyouiku/shidou/nyuushi/koukou/r8/documents/r8kakuteiippan.pdf,千葉県教育委員会 令和8年度公立高等学校一般入学者選抜等志願者確定数一覧＜その1〜6＞,2026-07-24
chiba,千葉県,旭農業,,畜産科,令和8年度（2026年度）,40,16,0.4,https://www.pref.chiba.lg.jp/kyouiku/shidou/nyuushi/koukou/r8/documents/r8kakuteiippan.pdf,千葉県教育委員会 令和8年度公立高等学校一般入学者選抜等志願者確定数一覧＜その1〜6＞,2026-07-24
chiba,千葉県,旭農業,,園芸科,令和8年度（2026年度）,40,17,0.43,https://www.pref.chiba.lg.jp/kyouiku/shidou/nyuushi/koukou/r8/documents/r8kakuteiippan.pdf,千葉県教育委員会 令和8年度公立高等学校一般入学者選抜等志願者確定数一覧＜その1〜6＞,2026-07-24
chiba,千葉県,旭農業,,食品科学科,令和8年度（2026年度）,40,30,0.75,https://www.pref.chiba.lg.jp/kyouiku/shidou/nyuushi/koukou/r8/documents/r8kakuteiippan.pdf,千葉県教育委員会 令和8年度公立高等学校一般入学者選抜等志願者確定数一覧＜その1〜6＞,2026-07-24
chiba,千葉県,東総工業,,電子機械科,令和8年度（2026年度）,40,35,0.88,https://www.pref.chiba.lg.jp/kyouiku/shidou/nyuushi/koukou/r8/documents/r8kakuteiippan.pdf,千葉県教育委員会 令和8年度公立高等学校一般入学者選抜等志願者確定数一覧＜その1〜6＞,2026-07-24
chiba,千葉県,東総工業,,電気科,令和8年度（2026年度）,40,25,0.63,https://www.pref.chiba.lg.jp/kyouiku/shidou/nyuushi/koukou/r8/documents/r8kakuteiippan.pdf,千葉県教育委員会 令和8年度公立高等学校一般入学者選抜等志願者確定数一覧＜その1〜6＞,2026-07-24
chiba,千葉県,東総工業,,情報技術科,令和8年度（2026年度）,40,38,0.95,https://www.pref.chiba.lg.jp/kyouiku/shidou/nyuushi/koukou/r8/documents/r8kakuteiippan.pdf,千葉県教育委員会 令和8年度公立高等学校一般入学者選抜等志願者確定数一覧＜その1〜6＞,2026-07-24
chiba,千葉県,東総工業,,建設科,令和8年度（2026年度）,40,33,0.83,https://www.pref.chiba.lg.jp/kyouiku/shidou/nyuushi/koukou/r8/documents/r8kakuteiippan.pdf,千葉県教育委員会 令和8年度公立高等学校一般入学者選抜等志願者確定数一覧＜その1〜6＞,2026-07-24
chiba,千葉県,匝瑳,,総合学科,令和8年度（2026年度）,240,207,0.86,https://www.pref.chiba.lg.jp/kyouiku/shidou/nyuushi/koukou/r8/documents/r8kakuteiippan.pdf,千葉県教育委員会 令和8年度公立高等学校一般入学者選抜等志願者確定数一覧＜その1〜6＞,2026-07-24
chiba,千葉県,松尾,,普通科,令和8年度（2026年度）,120,106,0.88,https://www.pref.chiba.lg.jp/kyouiku/shidou/nyuushi/koukou/r8/documents/r8kakuteiippan.pdf,千葉県教育委員会 令和8年度公立高等学校一般入学者選抜等志願者確定数一覧＜その1〜6＞,2026-07-24
chiba,千葉県,成東,,普通科・理数科,令和8年度（2026年度）,240,238,0.99,https://www.pref.chiba.lg.jp/kyouiku/shidou/nyuushi/koukou/r8/documents/r8kakuteiippan.pdf,千葉県教育委員会 令和8年度公立高等学校一般入学者選抜等志願者確定数一覧＜その1〜6＞,2026-07-24
chiba,千葉県,東金,,普通科,令和8年度（2026年度）,160,182,1.14,https://www.pref.chiba.lg.jp/kyouiku/shidou/nyuushi/koukou/r8/documents/r8kakuteiippan.pdf,千葉県教育委員会 令和8年度公立高等学校一般入学者選抜等志願者確定数一覧＜その1〜6＞,2026-07-24
chiba,千葉県,東金,,国際教養科,令和8年度（2026年度）,40,34,0.85,https://www.pref.chiba.lg.jp/kyouiku/shidou/nyuushi/koukou/r8/documents/r8kakuteiippan.pdf,千葉県教育委員会 令和8年度公立高等学校一般入学者選抜等志願者確定数一覧＜その1〜6＞,2026-07-24
chiba,千葉県,東金商業,,商業科・情報処理科,令和8年度（2026年度）,120,99,0.83,https://www.pref.chiba.lg.jp/kyouiku/shidou/nyuushi/koukou/r8/documents/r8kakuteiippan.pdf,千葉県教育委員会 令和8年度公立高等学校一般入学者選抜等志願者確定数一覧＜その1〜6＞,2026-07-24
chiba,千葉県,大網,,普通科,令和8年度（2026年度）,40,27,0.68,https://www.pref.chiba.lg.jp/kyouiku/shidou/nyuushi/koukou/r8/documents/r8kakuteiippan.pdf,千葉県教育委員会 令和8年度公立高等学校一般入学者選抜等志願者確定数一覧＜その1〜6＞,2026-07-24
chiba,千葉県,大網,,農業科,令和8年度（2026年度）,40,39,0.98,https://www.pref.chiba.lg.jp/kyouiku/shidou/nyuushi/koukou/r8/documents/r8kakuteiippan.pdf,千葉県教育委員会 令和8年度公立高等学校一般入学者選抜等志願者確定数一覧＜その1〜6＞,2026-07-24
chiba,千葉県,大網,,食品科学科,令和8年度（2026年度）,40,38,0.95,https://www.pref.chiba.lg.jp/kyouiku/shidou/nyuushi/koukou/r8/documents/r8kakuteiippan.pdf,千葉県教育委員会 令和8年度公立高等学校一般入学者選抜等志願者確定数一覧＜その1〜6＞,2026-07-24
chiba,千葉県,大網,,生物工学科,令和8年度（2026年度）,40,27,0.68,https://www.pref.chiba.lg.jp/kyouiku/shidou/nyuushi/koukou/r8/documents/r8kakuteiippan.pdf,千葉県教育委員会 令和8年度公立高等学校一般入学者選抜等志願者確定数一覧＜その1〜6＞,2026-07-24
chiba,千葉県,九十九里,,普通科,令和8年度（2026年度）,80,19,0.24,https://www.pref.chiba.lg.jp/kyouiku/shidou/nyuushi/koukou/r8/documents/r8kakuteiippan.pdf,千葉県教育委員会 令和8年度公立高等学校一般入学者選抜等志願者確定数一覧＜その1〜6＞,2026-07-24
chiba,千葉県,長生,,普通科・理数科,令和8年度（2026年度）,280,357,1.28,https://www.pref.chiba.lg.jp/kyouiku/shidou/nyuushi/koukou/r8/documents/r8kakuteiippan.pdf,千葉県教育委員会 令和8年度公立高等学校一般入学者選抜等志願者確定数一覧＜その1〜6＞,2026-07-24
chiba,千葉県,茂原,,普通科,令和8年度（2026年度）,160,161,1.01,https://www.pref.chiba.lg.jp/kyouiku/shidou/nyuushi/koukou/r8/documents/r8kakuteiippan.pdf,千葉県教育委員会 令和8年度公立高等学校一般入学者選抜等志願者確定数一覧＜その1〜6＞,2026-07-24
chiba,千葉県,茂原樟陽,,農業科,令和8年度（2026年度）,40,39,0.98,https://www.pref.chiba.lg.jp/kyouiku/shidou/nyuushi/koukou/r8/documents/r8kakuteiippan.pdf,千葉県教育委員会 令和8年度公立高等学校一般入学者選抜等志願者確定数一覧＜その1〜6＞,2026-07-24
chiba,千葉県,茂原樟陽,,食品科学科,令和8年度（2026年度）,40,42,1.05,https://www.pref.chiba.lg.jp/kyouiku/shidou/nyuushi/koukou/r8/documents/r8kakuteiippan.pdf,千葉県教育委員会 令和8年度公立高等学校一般入学者選抜等志願者確定数一覧＜その1〜6＞,2026-07-24
chiba,千葉県,茂原樟陽,,土木造園科,令和8年度（2026年度）,40,20,0.5,https://www.pref.chiba.lg.jp/kyouiku/shidou/nyuushi/koukou/r8/documents/r8kakuteiippan.pdf,千葉県教育委員会 令和8年度公立高等学校一般入学者選抜等志願者確定数一覧＜その1〜6＞,2026-07-24
chiba,千葉県,茂原樟陽,,電子機械科,令和8年度（2026年度）,40,28,0.7,https://www.pref.chiba.lg.jp/kyouiku/shidou/nyuushi/koukou/r8/documents/r8kakuteiippan.pdf,千葉県教育委員会 令和8年度公立高等学校一般入学者選抜等志願者確定数一覧＜その1〜6＞,2026-07-24
chiba,千葉県,茂原樟陽,,電気科,令和8年度（2026年度）,40,23,0.58,https://www.pref.chiba.lg.jp/kyouiku/shidou/nyuushi/koukou/r8/documents/r8kakuteiippan.pdf,千葉県教育委員会 令和8年度公立高等学校一般入学者選抜等志願者確定数一覧＜その1〜6＞,2026-07-24
chiba,千葉県,茂原樟陽,,環境化学科,令和8年度（2026年度）,40,6,0.15,https://www.pref.chiba.lg.jp/kyouiku/shidou/nyuushi/koukou/r8/documents/r8kakuteiippan.pdf,千葉県教育委員会 令和8年度公立高等学校一般入学者選抜等志願者確定数一覧＜その1〜6＞,2026-07-24
chiba,千葉県,一宮商業,,商業科・情報処理科,令和8年度（2026年度）,120,107,0.89,https://www.pref.chiba.lg.jp/kyouiku/shidou/nyuushi/koukou/r8/documents/r8kakuteiippan.pdf,千葉県教育委員会 令和8年度公立高等学校一般入学者選抜等志願者確定数一覧＜その1〜6＞,2026-07-24
chiba,千葉県,大多喜,,普通科,令和8年度（2026年度）,160,147,0.92,https://www.pref.chiba.lg.jp/kyouiku/shidou/nyuushi/koukou/r8/documents/r8kakuteiippan.pdf,千葉県教育委員会 令和8年度公立高等学校一般入学者選抜等志願者確定数一覧＜その1〜6＞,2026-07-24
chiba,千葉県,大原,,総合学科,令和8年度（2026年度）,160,94,0.59,https://www.pref.chiba.lg.jp/kyouiku/shidou/nyuushi/koukou/r8/documents/r8kakuteiippan.pdf,千葉県教育委員会 令和8年度公立高等学校一般入学者選抜等志願者確定数一覧＜その1〜6＞,2026-07-24
chiba,千葉県,長狭,,普通科,令和8年度（2026年度）,160,95,0.59,https://www.pref.chiba.lg.jp/kyouiku/shidou/nyuushi/koukou/r8/documents/r8kakuteiippan.pdf,千葉県教育委員会 令和8年度公立高等学校一般入学者選抜等志願者確定数一覧＜その1〜6＞,2026-07-24
chiba,千葉県,安房拓心,,総合学科,令和8年度（2026年度）,120,96,0.8,https://www.pref.chiba.lg.jp/kyouiku/shidou/nyuushi/koukou/r8/documents/r8kakuteiippan.pdf,千葉県教育委員会 令和8年度公立高等学校一般入学者選抜等志願者確定数一覧＜その1〜6＞,2026-07-24
chiba,千葉県,安房,,普通科,令和8年度（2026年度）,240,216,0.9,https://www.pref.chiba.lg.jp/kyouiku/shidou/nyuushi/koukou/r8/documents/r8kakuteiippan.pdf,千葉県教育委員会 令和8年度公立高等学校一般入学者選抜等志願者確定数一覧＜その1〜6＞,2026-07-24
chiba,千葉県,館山総合,,工業科,令和8年度（2026年度）,40,10,0.25,https://www.pref.chiba.lg.jp/kyouiku/shidou/nyuushi/koukou/r8/documents/r8kakuteiippan.pdf,千葉県教育委員会 令和8年度公立高等学校一般入学者選抜等志願者確定数一覧＜その1〜6＞,2026-07-24
chiba,千葉県,館山総合,,商業科,令和8年度（2026年度）,40,15,0.38,https://www.pref.chiba.lg.jp/kyouiku/shidou/nyuushi/koukou/r8/documents/r8kakuteiippan.pdf,千葉県教育委員会 令和8年度公立高等学校一般入学者選抜等志願者確定数一覧＜その1〜6＞,2026-07-24
chiba,千葉県,館山総合,,海洋科,令和8年度（2026年度）,40,21,0.53,https://www.pref.chiba.lg.jp/kyouiku/shidou/nyuushi/koukou/r8/documents/r8kakuteiippan.pdf,千葉県教育委員会 令和8年度公立高等学校一般入学者選抜等志願者確定数一覧＜その1〜6＞,2026-07-24
chiba,千葉県,館山総合,,家政科,令和8年度（2026年度）,40,7,0.18,https://www.pref.chiba.lg.jp/kyouiku/shidou/nyuushi/koukou/r8/documents/r8kakuteiippan.pdf,千葉県教育委員会 令和8年度公立高等学校一般入学者選抜等志願者確定数一覧＜その1〜6＞,2026-07-24
chiba,千葉県,天羽,,普通科,令和8年度（2026年度）,120,56,0.47,https://www.pref.chiba.lg.jp/kyouiku/shidou/nyuushi/koukou/r8/documents/r8kakuteiippan.pdf,千葉県教育委員会 令和8年度公立高等学校一般入学者選抜等志願者確定数一覧＜その1〜6＞,2026-07-24
chiba,千葉県,君津商業,,商業科・情報処理科,令和8年度（2026年度）,160,138,0.86,https://www.pref.chiba.lg.jp/kyouiku/shidou/nyuushi/koukou/r8/documents/r8kakuteiippan.pdf,千葉県教育委員会 令和8年度公立高等学校一般入学者選抜等志願者確定数一覧＜その1〜6＞,2026-07-24
chiba,千葉県,木更津,,普通科,令和8年度（2026年度）,280,385,1.38,https://www.pref.chiba.lg.jp/kyouiku/shidou/nyuushi/koukou/r8/documents/r8kakuteiippan.pdf,千葉県教育委員会 令和8年度公立高等学校一般入学者選抜等志願者確定数一覧＜その1〜6＞,2026-07-24
chiba,千葉県,木更津,,理数科,令和8年度（2026年度）,40,55,1.38,https://www.pref.chiba.lg.jp/kyouiku/shidou/nyuushi/koukou/r8/documents/r8kakuteiippan.pdf,千葉県教育委員会 令和8年度公立高等学校一般入学者選抜等志願者確定数一覧＜その1〜6＞,2026-07-24
chiba,千葉県,木更津東,,普通科,令和8年度（2026年度）,120,111,0.93,https://www.pref.chiba.lg.jp/kyouiku/shidou/nyuushi/koukou/r8/documents/r8kakuteiippan.pdf,千葉県教育委員会 令和8年度公立高等学校一般入学者選抜等志願者確定数一覧＜その1〜6＞,2026-07-24
chiba,千葉県,木更津東,,家政科,令和8年度（2026年度）,40,42,1.05,https://www.pref.chiba.lg.jp/kyouiku/shidou/nyuushi/koukou/r8/documents/r8kakuteiippan.pdf,千葉県教育委員会 令和8年度公立高等学校一般入学者選抜等志願者確定数一覧＜その1〜6＞,2026-07-24
chiba,千葉県,君津,,普通科,令和8年度（2026年度）,240,250,1.04,https://www.pref.chiba.lg.jp/kyouiku/shidou/nyuushi/koukou/r8/documents/r8kakuteiippan.pdf,千葉県教育委員会 令和8年度公立高等学校一般入学者選抜等志願者確定数一覧＜その1〜6＞,2026-07-24
chiba,千葉県,君津,,園芸科,令和8年度（2026年度）,40,37,0.93,https://www.pref.chiba.lg.jp/kyouiku/shidou/nyuushi/koukou/r8/documents/r8kakuteiippan.pdf,千葉県教育委員会 令和8年度公立高等学校一般入学者選抜等志願者確定数一覧＜その1〜6＞,2026-07-24
chiba,千葉県,君津青葉,,総合学科,令和8年度（2026年度）,120,72,0.6,https://www.pref.chiba.lg.jp/kyouiku/shidou/nyuushi/koukou/r8/documents/r8kakuteiippan.pdf,千葉県教育委員会 令和8年度公立高等学校一般入学者選抜等志願者確定数一覧＜その1〜6＞,2026-07-24
chiba,千葉県,袖ヶ浦,,普通科,令和8年度（2026年度）,240,293,1.22,https://www.pref.chiba.lg.jp/kyouiku/shidou/nyuushi/koukou/r8/documents/r8kakuteiippan.pdf,千葉県教育委員会 令和8年度公立高等学校一般入学者選抜等志願者確定数一覧＜その1〜6＞,2026-07-24
chiba,千葉県,袖ヶ浦,,情報コミュニケーション科,令和8年度（2026年度）,40,56,1.4,https://www.pref.chiba.lg.jp/kyouiku/shidou/nyuushi/koukou/r8/documents/r8kakuteiippan.pdf,千葉県教育委員会 令和8年度公立高等学校一般入学者選抜等志願者確定数一覧＜その1〜6＞,2026-07-24
chiba,千葉県,市原,,普通科,令和8年度（2026年度）,80,42,0.53,https://www.pref.chiba.lg.jp/kyouiku/shidou/nyuushi/koukou/r8/documents/r8kakuteiippan.pdf,千葉県教育委員会 令和8年度公立高等学校一般入学者選抜等志願者確定数一覧＜その1〜6＞,2026-07-24
chiba,千葉県,市原,,園芸科,令和8年度（2026年度）,40,11,0.28,https://www.pref.chiba.lg.jp/kyouiku/shidou/nyuushi/koukou/r8/documents/r8kakuteiippan.pdf,千葉県教育委員会 令和8年度公立高等学校一般入学者選抜等志願者確定数一覧＜その1〜6＞,2026-07-24
chiba,千葉県,京葉,,普通科,令和8年度（2026年度）,120,121,1.01,https://www.pref.chiba.lg.jp/kyouiku/shidou/nyuushi/koukou/r8/documents/r8kakuteiippan.pdf,千葉県教育委員会 令和8年度公立高等学校一般入学者選抜等志願者確定数一覧＜その1〜6＞,2026-07-24
chiba,千葉県,市原緑,,普通科,令和8年度（2026年度）,120,97,0.81,https://www.pref.chiba.lg.jp/kyouiku/shidou/nyuushi/koukou/r8/documents/r8kakuteiippan.pdf,千葉県教育委員会 令和8年度公立高等学校一般入学者選抜等志願者確定数一覧＜その1〜6＞,2026-07-24
chiba,千葉県,姉崎,,普通科,令和8年度（2026年度）,120,115,0.96,https://www.pref.chiba.lg.jp/kyouiku/shidou/nyuushi/koukou/r8/documents/r8kakuteiippan.pdf,千葉県教育委員会 令和8年度公立高等学校一般入学者選抜等志願者確定数一覧＜その1〜6＞,2026-07-24
chiba,千葉県,市原八幡,,普通科,令和8年度（2026年度）,200,199,1,https://www.pref.chiba.lg.jp/kyouiku/shidou/nyuushi/koukou/r8/documents/r8kakuteiippan.pdf,千葉県教育委員会 令和8年度公立高等学校一般入学者選抜等志願者確定数一覧＜その1〜6＞,2026-07-24
chiba,千葉県,千葉,,普通科,令和7年度（2025年度）,240,323,1.35,https://www.pref.chiba.lg.jp/kyouiku/shidou/press/2024/koukou/documents/r7kakuippan.pdf,千葉県教育委員会 令和7年度公立高等学校一般入学者選抜等志願者確定数一覧＜その1〜6＞（掛-1・chiba横展開第1弾・全日制完結）,2026-08-07
chiba,千葉県,千葉女子,,普通科,令和7年度（2025年度）,240,271,1.13,https://www.pref.chiba.lg.jp/kyouiku/shidou/press/2024/koukou/documents/r7kakuippan.pdf,千葉県教育委員会 令和7年度公立高等学校一般入学者選抜等志願者確定数一覧＜その1〜6＞（掛-1・chiba横展開第1弾・全日制完結）,2026-08-07
chiba,千葉県,千葉女子,,家政科,令和7年度（2025年度）,40,50,1.25,https://www.pref.chiba.lg.jp/kyouiku/shidou/press/2024/koukou/documents/r7kakuippan.pdf,千葉県教育委員会 令和7年度公立高等学校一般入学者選抜等志願者確定数一覧＜その1〜6＞（掛-1・chiba横展開第1弾・全日制完結）,2026-08-07
chiba,千葉県,千葉東,,普通科,令和7年度（2025年度）,320,420,1.31,https://www.pref.chiba.lg.jp/kyouiku/shidou/press/2024/koukou/documents/r7kakuippan.pdf,千葉県教育委員会 令和7年度公立高等学校一般入学者選抜等志願者確定数一覧＜その1〜6＞（掛-1・chiba横展開第1弾・全日制完結）,2026-08-07
chiba,千葉県,千葉商業,,商業科・情報処理科,令和7年度（2025年度）,320,383,1.2,https://www.pref.chiba.lg.jp/kyouiku/shidou/press/2024/koukou/documents/r7kakuippan.pdf,千葉県教育委員会 令和7年度公立高等学校一般入学者選抜等志願者確定数一覧＜その1〜6＞（掛-1・chiba横展開第1弾・全日制完結）,2026-08-07
chiba,千葉県,京葉工業,,機械科,令和7年度（2025年度）,40,42,1.05,https://www.pref.chiba.lg.jp/kyouiku/shidou/press/2024/koukou/documents/r7kakuippan.pdf,千葉県教育委員会 令和7年度公立高等学校一般入学者選抜等志願者確定数一覧＜その1〜6＞（掛-1・chiba横展開第1弾・全日制完結）,2026-08-07
chiba,千葉県,京葉工業,,電子工業科,令和7年度（2025年度）,80,74,0.93,https://www.pref.chiba.lg.jp/kyouiku/shidou/press/2024/koukou/documents/r7kakuippan.pdf,千葉県教育委員会 令和7年度公立高等学校一般入学者選抜等志願者確定数一覧＜その1〜6＞（掛-1・chiba横展開第1弾・全日制完結）,2026-08-07
chiba,千葉県,京葉工業,,設備システム科,令和7年度（2025年度）,40,38,0.95,https://www.pref.chiba.lg.jp/kyouiku/shidou/press/2024/koukou/documents/r7kakuippan.pdf,千葉県教育委員会 令和7年度公立高等学校一般入学者選抜等志願者確定数一覧＜その1〜6＞（掛-1・chiba横展開第1弾・全日制完結）,2026-08-07
chiba,千葉県,京葉工業,,建設科,令和7年度（2025年度）,40,50,1.25,https://www.pref.chiba.lg.jp/kyouiku/shidou/press/2024/koukou/documents/r7kakuippan.pdf,千葉県教育委員会 令和7年度公立高等学校一般入学者選抜等志願者確定数一覧＜その1〜6＞（掛-1・chiba横展開第1弾・全日制完結）,2026-08-07
chiba,千葉県,千葉工業,,電子機械科,令和7年度（2025年度）,80,69,0.86,https://www.pref.chiba.lg.jp/kyouiku/shidou/press/2024/koukou/documents/r7kakuippan.pdf,千葉県教育委員会 令和7年度公立高等学校一般入学者選抜等志願者確定数一覧＜その1〜6＞（掛-1・chiba横展開第1弾・全日制完結）,2026-08-07
chiba,千葉県,千葉工業,,電気科,令和7年度（2025年度）,40,37,0.93,https://www.pref.chiba.lg.jp/kyouiku/shidou/press/2024/koukou/documents/r7kakuippan.pdf,千葉県教育委員会 令和7年度公立高等学校一般入学者選抜等志願者確定数一覧＜その1〜6＞（掛-1・chiba横展開第1弾・全日制完結）,2026-08-07
chiba,千葉県,千葉工業,,情報技術科,令和7年度（2025年度）,40,27,0.68,https://www.pref.chiba.lg.jp/kyouiku/shidou/press/2024/koukou/documents/r7kakuippan.pdf,千葉県教育委員会 令和7年度公立高等学校一般入学者選抜等志願者確定数一覧＜その1〜6＞（掛-1・chiba横展開第1弾・全日制完結）,2026-08-07
chiba,千葉県,千葉工業,,工業化学科,令和7年度（2025年度）,40,36,0.9,https://www.pref.chiba.lg.jp/kyouiku/shidou/press/2024/koukou/documents/r7kakuippan.pdf,千葉県教育委員会 令和7年度公立高等学校一般入学者選抜等志願者確定数一覧＜その1〜6＞（掛-1・chiba横展開第1弾・全日制完結）,2026-08-07
chiba,千葉県,千葉工業,,理数工学科,令和7年度（2025年度）,40,24,0.6,https://www.pref.chiba.lg.jp/kyouiku/shidou/press/2024/koukou/documents/r7kakuippan.pdf,千葉県教育委員会 令和7年度公立高等学校一般入学者選抜等志願者確定数一覧＜その1〜6＞（掛-1・chiba横展開第1弾・全日制完結）,2026-08-07
chiba,千葉県,千葉南,,普通科,令和7年度（2025年度）,320,360,1.13,https://www.pref.chiba.lg.jp/kyouiku/shidou/press/2024/koukou/documents/r7kakuippan.pdf,千葉県教育委員会 令和7年度公立高等学校一般入学者選抜等志願者確定数一覧＜その1〜6＞（掛-1・chiba横展開第1弾・全日制完結）,2026-08-07
chiba,千葉県,検見川,,普通科,令和7年度（2025年度）,320,403,1.26,https://www.pref.chiba.lg.jp/kyouiku/shidou/press/2024/koukou/documents/r7kakuippan.pdf,千葉県教育委員会 令和7年度公立高等学校一般入学者選抜等志願者確定数一覧＜その1〜6＞（掛-1・chiba横展開第1弾・全日制完結）,2026-08-07
chiba,千葉県,千葉北,,普通科,令和7年度（2025年度）,280,278,0.99,https://www.pref.chiba.lg.jp/kyouiku/shidou/press/2024/koukou/documents/r7kakuippan.pdf,千葉県教育委員会 令和7年度公立高等学校一般入学者選抜等志願者確定数一覧＜その1〜6＞（掛-1・chiba横展開第1弾・全日制完結）,2026-08-07
chiba,千葉県,若松,,普通科,令和7年度（2025年度）,320,373,1.17,https://www.pref.chiba.lg.jp/kyouiku/shidou/press/2024/koukou/documents/r7kakuippan.pdf,千葉県教育委員会 令和7年度公立高等学校一般入学者選抜等志願者確定数一覧＜その1〜6＞（掛-1・chiba横展開第1弾・全日制完結）,2026-08-07
chiba,千葉県,千城台,,普通科,令和7年度（2025年度）,320,352,1.1,https://www.pref.chiba.lg.jp/kyouiku/shidou/press/2024/koukou/documents/r7kakuippan.pdf,千葉県教育委員会 令和7年度公立高等学校一般入学者選抜等志願者確定数一覧＜その1〜6＞（掛-1・chiba横展開第1弾・全日制完結）,2026-08-07
chiba,千葉県,生浜,,普通科,令和7年度（2025年度）,80,81,1.01,https://www.pref.chiba.lg.jp/kyouiku/shidou/press/2024/koukou/documents/r7kakuippan.pdf,千葉県教育委員会 令和7年度公立高等学校一般入学者選抜等志願者確定数一覧＜その1〜6＞（掛-1・chiba横展開第1弾・全日制完結）,2026-08-07
chiba,千葉県,磯辺,,普通科,令和7年度（2025年度）,320,349,1.09,https://www.pref.chiba.lg.jp/kyouiku/shidou/press/2024/koukou/documents/r7kakuippan.pdf,千葉県教育委員会 令和7年度公立高等学校一般入学者選抜等志願者確定数一覧＜その1〜6＞（掛-1・chiba横展開第1弾・全日制完結）,2026-08-07
chiba,千葉県,泉,,普通科,令和7年度（2025年度）,120,106,0.88,https://www.pref.chiba.lg.jp/kyouiku/shidou/press/2024/koukou/documents/r7kakuippan.pdf,千葉県教育委員会 令和7年度公立高等学校一般入学者選抜等志願者確定数一覧＜その1〜6＞（掛-1・chiba横展開第1弾・全日制完結）,2026-08-07
chiba,千葉県,幕張総合,,総合学科,令和7年度（2025年度）,640,1058,1.65,https://www.pref.chiba.lg.jp/kyouiku/shidou/press/2024/koukou/documents/r7kakuippan.pdf,千葉県教育委員会 令和7年度公立高等学校一般入学者選抜等志願者確定数一覧＜その1〜6＞（掛-1・chiba横展開第1弾・全日制完結）,2026-08-07
chiba,千葉県,幕張総合,,看護科,令和7年度（2025年度）,40,57,1.43,https://www.pref.chiba.lg.jp/kyouiku/shidou/press/2024/koukou/documents/r7kakuippan.pdf,千葉県教育委員会 令和7年度公立高等学校一般入学者選抜等志願者確定数一覧＜その1〜6＞（掛-1・chiba横展開第1弾・全日制完結）,2026-08-07
chiba,千葉県,柏井,,普通科,令和7年度（2025年度）,200,233,1.17,https://www.pref.chiba.lg.jp/kyouiku/shidou/press/2024/koukou/documents/r7kakuippan.pdf,千葉県教育委員会 令和7年度公立高等学校一般入学者選抜等志願者確定数一覧＜その1〜6＞（掛-1・chiba横展開第1弾・全日制完結）,2026-08-07
chiba,千葉県,土気,,普通科,令和7年度（2025年度）,240,263,1.1,https://www.pref.chiba.lg.jp/kyouiku/shidou/press/2024/koukou/documents/r7kakuippan.pdf,千葉県教育委員会 令和7年度公立高等学校一般入学者選抜等志願者確定数一覧＜その1〜6＞（掛-1・chiba横展開第1弾・全日制完結）,2026-08-07
chiba,千葉県,千葉西,,普通科,令和7年度（2025年度）,320,368,1.15,https://www.pref.chiba.lg.jp/kyouiku/shidou/press/2024/koukou/documents/r7kakuippan.pdf,千葉県教育委員会 令和7年度公立高等学校一般入学者選抜等志願者確定数一覧＜その1〜6＞（掛-1・chiba横展開第1弾・全日制完結）,2026-08-07
chiba,千葉県,犢橋,,普通科,令和7年度（2025年度）,200,238,1.19,https://www.pref.chiba.lg.jp/kyouiku/shidou/press/2024/koukou/documents/r7kakuippan.pdf,千葉県教育委員会 令和7年度公立高等学校一般入学者選抜等志願者確定数一覧＜その1〜6＞（掛-1・chiba横展開第1弾・全日制完結）,2026-08-07
chiba,千葉県,八千代,,普通科,令和7年度（2025年度）,240,370,1.54,https://www.pref.chiba.lg.jp/kyouiku/shidou/press/2024/koukou/documents/r7kakuippan.pdf,千葉県教育委員会 令和7年度公立高等学校一般入学者選抜等志願者確定数一覧＜その1〜6＞（掛-1・chiba横展開第1弾・全日制完結）,2026-08-07
chiba,千葉県,八千代,,家政科,令和7年度（2025年度）,40,46,1.15,https://www.pref.chiba.lg.jp/kyouiku/shidou/press/2024/koukou/documents/r7kakuippan.pdf,千葉県教育委員会 令和7年度公立高等学校一般入学者選抜等志願者確定数一覧＜その1〜6＞（掛-1・chiba横展開第1弾・全日制完結）,2026-08-07
chiba,千葉県,八千代,,体育科,令和7年度（2025年度）,40,46,1.15,https://www.pref.chiba.lg.jp/kyouiku/shidou/press/2024/koukou/documents/r7kakuippan.pdf,千葉県教育委員会 令和7年度公立高等学校一般入学者選抜等志願者確定数一覧＜その1〜6＞（掛-1・chiba横展開第1弾・全日制完結）,2026-08-07
chiba,千葉県,八千代東,,普通科,令和7年度（2025年度）,280,287,1.03,https://www.pref.chiba.lg.jp/kyouiku/shidou/press/2024/koukou/documents/r7kakuippan.pdf,千葉県教育委員会 令和7年度公立高等学校一般入学者選抜等志願者確定数一覧＜その1〜6＞（掛-1・chiba横展開第1弾・全日制完結）,2026-08-07
chiba,千葉県,八千代西,,普通科,令和7年度（2025年度）,160,66,0.41,https://www.pref.chiba.lg.jp/kyouiku/shidou/press/2024/koukou/documents/r7kakuippan.pdf,千葉県教育委員会 令和7年度公立高等学校一般入学者選抜等志願者確定数一覧＜その1〜6＞（掛-1・chiba横展開第1弾・全日制完結）,2026-08-07
chiba,千葉県,津田沼,,普通科,令和7年度（2025年度）,320,439,1.37,https://www.pref.chiba.lg.jp/kyouiku/shidou/press/2024/koukou/documents/r7kakuippan.pdf,千葉県教育委員会 令和7年度公立高等学校一般入学者選抜等志願者確定数一覧＜その1〜6＞（掛-1・chiba横展開第1弾・全日制完結）,2026-08-07
chiba,千葉県,実籾,,普通科,令和7年度（2025年度）,320,403,1.26,https://www.pref.chiba.lg.jp/kyouiku/shidou/press/2024/koukou/documents/r7kakuippan.pdf,千葉県教育委員会 令和7年度公立高等学校一般入学者選抜等志願者確定数一覧＜その1〜6＞（掛-1・chiba横展開第1弾・全日制完結）,2026-08-07
chiba,千葉県,船橋,,普通科,令和7年度（2025年度）,320,587,1.83,https://www.pref.chiba.lg.jp/kyouiku/shidou/press/2024/koukou/documents/r7kakuippan.pdf,千葉県教育委員会 令和7年度公立高等学校一般入学者選抜等志願者確定数一覧＜その1〜6＞（掛-1・chiba横展開第1弾・全日制完結）,2026-08-07
chiba,千葉県,船橋,,理数科,令和7年度（2025年度）,40,66,1.65,https://www.pref.chiba.lg.jp/kyouiku/shidou/press/2024/koukou/documents/r7kakuippan.pdf,千葉県教育委員会 令和7年度公立高等学校一般入学者選抜等志願者確定数一覧＜その1〜6＞（掛-1・chiba横展開第1弾・全日制完結）,2026-08-07
chiba,千葉県,薬園台,,普通科,令和7年度（2025年度）,280,466,1.66,https://www.pref.chiba.lg.jp/kyouiku/shidou/press/2024/koukou/documents/r7kakuippan.pdf,千葉県教育委員会 令和7年度公立高等学校一般入学者選抜等志願者確定数一覧＜その1〜6＞（掛-1・chiba横展開第1弾・全日制完結）,2026-08-07
chiba,千葉県,薬園台,,園芸科,令和7年度（2025年度）,40,48,1.2,https://www.pref.chiba.lg.jp/kyouiku/shidou/press/2024/koukou/documents/r7kakuippan.pdf,千葉県教育委員会 令和7年度公立高等学校一般入学者選抜等志願者確定数一覧＜その1〜6＞（掛-1・chiba横展開第1弾・全日制完結）,2026-08-07
chiba,千葉県,船橋東,,普通科,令和7年度（2025年度）,320,507,1.58,https://www.pref.chiba.lg.jp/kyouiku/shidou/press/2024/koukou/documents/r7kakuippan.pdf,千葉県教育委員会 令和7年度公立高等学校一般入学者選抜等志願者確定数一覧＜その1〜6＞（掛-1・chiba横展開第1弾・全日制完結）,2026-08-07
chiba,千葉県,船橋啓明,,普通科,令和7年度（2025年度）,320,416,1.3,https://www.pref.chiba.lg.jp/kyouiku/shidou/press/2024/koukou/documents/r7kakuippan.pdf,千葉県教育委員会 令和7年度公立高等学校一般入学者選抜等志願者確定数一覧＜その1〜6＞（掛-1・chiba横展開第1弾・全日制完結）,2026-08-07
chiba,千葉県,船橋芝山,,普通科,令和7年度（2025年度）,320,439,1.37,https://www.pref.chiba.lg.jp/kyouiku/shidou/press/2024/koukou/documents/r7kakuippan.pdf,千葉県教育委員会 令和7年度公立高等学校一般入学者選抜等志願者確定数一覧＜その1〜6＞（掛-1・chiba横展開第1弾・全日制完結）,2026-08-07
chiba,千葉県,船橋二和,,普通科,令和7年度（2025年度）,280,347,1.24,https://www.pref.chiba.lg.jp/kyouiku/shidou/press/2024/koukou/documents/r7kakuippan.pdf,千葉県教育委員会 令和7年度公立高等学校一般入学者選抜等志願者確定数一覧＜その1〜6＞（掛-1・chiba横展開第1弾・全日制完結）,2026-08-07
chiba,千葉県,船橋古和釜,,普通科,令和7年度（2025年度）,240,257,1.07,https://www.pref.chiba.lg.jp/kyouiku/shidou/press/2024/koukou/documents/r7kakuippan.pdf,千葉県教育委員会 令和7年度公立高等学校一般入学者選抜等志願者確定数一覧＜その1〜6＞（掛-1・chiba横展開第1弾・全日制完結）,2026-08-07
chiba,千葉県,船橋法典,,普通科,令和7年度（2025年度）,240,223,0.93,https://www.pref.chiba.lg.jp/kyouiku/shidou/press/2024/koukou/documents/r7kakuippan.pdf,千葉県教育委員会 令和7年度公立高等学校一般入学者選抜等志願者確定数一覧＜その1〜6＞（掛-1・chiba横展開第1弾・全日制完結）,2026-08-07
chiba,千葉県,船橋豊富,,普通科,令和7年度（2025年度）,120,42,0.35,https://www.pref.chiba.lg.jp/kyouiku/shidou/press/2024/koukou/documents/r7kakuippan.pdf,千葉県教育委員会 令和7年度公立高等学校一般入学者選抜等志願者確定数一覧＜その1〜6＞（掛-1・chiba横展開第1弾・全日制完結）,2026-08-07
chiba,千葉県,船橋北,,普通科,令和7年度（2025年度）,200,166,0.83,https://www.pref.chiba.lg.jp/kyouiku/shidou/press/2024/koukou/documents/r7kakuippan.pdf,千葉県教育委員会 令和7年度公立高等学校一般入学者選抜等志願者確定数一覧＜その1〜6＞（掛-1・chiba横展開第1弾・全日制完結）,2026-08-07
chiba,千葉県,市川工業,,機械科,令和7年度（2025年度）,80,84,1.05,https://www.pref.chiba.lg.jp/kyouiku/shidou/press/2024/koukou/documents/r7kakuippan.pdf,千葉県教育委員会 令和7年度公立高等学校一般入学者選抜等志願者確定数一覧＜その1〜6＞（掛-1・chiba横展開第1弾・全日制完結）,2026-08-07
chiba,千葉県,市川工業,,電気科,令和7年度（2025年度）,80,98,1.23,https://www.pref.chiba.lg.jp/kyouiku/shidou/press/2024/koukou/documents/r7kakuippan.pdf,千葉県教育委員会 令和7年度公立高等学校一般入学者選抜等志願者確定数一覧＜その1〜6＞（掛-1・chiba横展開第1弾・全日制完結）,2026-08-07
chiba,千葉県,市川工業,,建築科,令和7年度（2025年度）,40,48,1.2,https://www.pref.chiba.lg.jp/kyouiku/shidou/press/2024/koukou/documents/r7kakuippan.pdf,千葉県教育委員会 令和7年度公立高等学校一般入学者選抜等志願者確定数一覧＜その1〜6＞（掛-1・chiba横展開第1弾・全日制完結）,2026-08-07
chiba,千葉県,市川工業,,インテリア科,令和7年度（2025年度）,40,53,1.33,https://www.pref.chiba.lg.jp/kyouiku/shidou/press/2024/koukou/documents/r7kakuippan.pdf,千葉県教育委員会 令和7年度公立高等学校一般入学者選抜等志願者確定数一覧＜その1〜6＞（掛-1・chiba横展開第1弾・全日制完結）,2026-08-07
chiba,千葉県,国府台,,普通科,令和7年度（2025年度）,320,390,1.22,https://www.pref.chiba.lg.jp/kyouiku/shidou/press/2024/koukou/documents/r7kakuippan.pdf,千葉県教育委員会 令和7年度公立高等学校一般入学者選抜等志願者確定数一覧＜その1〜6＞（掛-1・chiba横展開第1弾・全日制完結）,2026-08-07
chiba,千葉県,国分,,普通科,令和7年度（2025年度）,320,468,1.46,https://www.pref.chiba.lg.jp/kyouiku/shidou/press/2024/koukou/documents/r7kakuippan.pdf,千葉県教育委員会 令和7年度公立高等学校一般入学者選抜等志願者確定数一覧＜その1〜6＞（掛-1・chiba横展開第1弾・全日制完結）,2026-08-07
chiba,千葉県,行徳,,普通科,令和7年度（2025年度）,160,104,0.65,https://www.pref.chiba.lg.jp/kyouiku/shidou/press/2024/koukou/documents/r7kakuippan.pdf,千葉県教育委員会 令和7年度公立高等学校一般入学者選抜等志願者確定数一覧＜その1〜6＞（掛-1・chiba横展開第1弾・全日制完結）,2026-08-07
chiba,千葉県,市川東,,普通科,令和7年度（2025年度）,320,348,1.09,https://www.pref.chiba.lg.jp/kyouiku/shidou/press/2024/koukou/documents/r7kakuippan.pdf,千葉県教育委員会 令和7年度公立高等学校一般入学者選抜等志願者確定数一覧＜その1〜6＞（掛-1・chiba横展開第1弾・全日制完結）,2026-08-07
chiba,千葉県,市川昴,,普通科,令和7年度（2025年度）,320,394,1.23,https://www.pref.chiba.lg.jp/kyouiku/shidou/press/2024/koukou/documents/r7kakuippan.pdf,千葉県教育委員会 令和7年度公立高等学校一般入学者選抜等志願者確定数一覧＜その1〜6＞（掛-1・chiba横展開第1弾・全日制完結）,2026-08-07
chiba,千葉県,市川南,,普通科,令和7年度（2025年度）,280,276,0.99,https://www.pref.chiba.lg.jp/kyouiku/shidou/press/2024/koukou/documents/r7kakuippan.pdf,千葉県教育委員会 令和7年度公立高等学校一般入学者選抜等志願者確定数一覧＜その1〜6＞（掛-1・chiba横展開第1弾・全日制完結）,2026-08-07
chiba,千葉県,浦安,,普通科,令和7年度（2025年度）,200,207,1.04,https://www.pref.chiba.lg.jp/kyouiku/shidou/press/2024/koukou/documents/r7kakuippan.pdf,千葉県教育委員会 令和7年度公立高等学校一般入学者選抜等志願者確定数一覧＜その1〜6＞（掛-1・chiba横展開第1弾・全日制完結）,2026-08-07
chiba,千葉県,浦安南,,普通科,令和7年度（2025年度）,120,87,0.73,https://www.pref.chiba.lg.jp/kyouiku/shidou/press/2024/koukou/documents/r7kakuippan.pdf,千葉県教育委員会 令和7年度公立高等学校一般入学者選抜等志願者確定数一覧＜その1〜6＞（掛-1・chiba横展開第1弾・全日制完結）,2026-08-07
chiba,千葉県,鎌ヶ谷,,普通科,令和7年度（2025年度）,320,490,1.53,https://www.pref.chiba.lg.jp/kyouiku/shidou/press/2024/koukou/documents/r7kakuippan.pdf,千葉県教育委員会 令和7年度公立高等学校一般入学者選抜等志願者確定数一覧＜その1〜6＞（掛-1・chiba横展開第1弾・全日制完結）,2026-08-07
chiba,千葉県,鎌ヶ谷西,,普通科,令和7年度（2025年度）,200,165,0.83,https://www.pref.chiba.lg.jp/kyouiku/shidou/press/2024/koukou/documents/r7kakuippan.pdf,千葉県教育委員会 令和7年度公立高等学校一般入学者選抜等志願者確定数一覧＜その1〜6＞（掛-1・chiba横展開第1弾・全日制完結）,2026-08-07
chiba,千葉県,松戸,,普通科,令和7年度（2025年度）,200,224,1.12,https://www.pref.chiba.lg.jp/kyouiku/shidou/press/2024/koukou/documents/r7kakuippan.pdf,千葉県教育委員会 令和7年度公立高等学校一般入学者選抜等志願者確定数一覧＜その1〜6＞（掛-1・chiba横展開第1弾・全日制完結）,2026-08-07
chiba,千葉県,松戸,,芸術科,令和7年度（2025年度）,40,68,1.7,https://www.pref.chiba.lg.jp/kyouiku/shidou/press/2024/koukou/documents/r7kakuippan.pdf,千葉県教育委員会 令和7年度公立高等学校一般入学者選抜等志願者確定数一覧＜その1〜6＞（掛-1・chiba横展開第1弾・全日制完結）,2026-08-07
chiba,千葉県,小金,,総合学科,令和7年度（2025年度）,320,508,1.59,https://www.pref.chiba.lg.jp/kyouiku/shidou/press/2024/koukou/documents/r7kakuippan.pdf,千葉県教育委員会 令和7年度公立高等学校一般入学者選抜等志願者確定数一覧＜その1〜6＞（掛-1・chiba横展開第1弾・全日制完結）,2026-08-07
chiba,千葉県,松戸国際,,普通科,令和7年度（2025年度）,200,249,1.25,https://www.pref.chiba.lg.jp/kyouiku/shidou/press/2024/koukou/documents/r7kakuippan.pdf,千葉県教育委員会 令和7年度公立高等学校一般入学者選抜等志願者確定数一覧＜その1〜6＞（掛-1・chiba横展開第1弾・全日制完結）,2026-08-07
chiba,千葉県,松戸国際,,国際教養科,令和7年度（2025年度）,120,169,1.41,https://www.pref.chiba.lg.jp/kyouiku/shidou/press/2024/koukou/documents/r7kakuippan.pdf,千葉県教育委員会 令和7年度公立高等学校一般入学者選抜等志願者確定数一覧＜その1〜6＞（掛-1・chiba横展開第1弾・全日制完結）,2026-08-07
chiba,千葉県,松戸六実,,普通科,令和7年度（2025年度）,320,471,1.47,https://www.pref.chiba.lg.jp/kyouiku/shidou/press/2024/koukou/documents/r7kakuippan.pdf,千葉県教育委員会 令和7年度公立高等学校一般入学者選抜等志願者確定数一覧＜その1〜6＞（掛-1・chiba横展開第1弾・全日制完結）,2026-08-07
chiba,千葉県,松戸向陽,,普通科,令和7年度（2025年度）,200,227,1.14,https://www.pref.chiba.lg.jp/kyouiku/shidou/press/2024/koukou/documents/r7kakuippan.pdf,千葉県教育委員会 令和7年度公立高等学校一般入学者選抜等志願者確定数一覧＜その1〜6＞（掛-1・chiba横展開第1弾・全日制完結）,2026-08-07
chiba,千葉県,松戸向陽,,福祉教養科,令和7年度（2025年度）,40,42,1.05,https://www.pref.chiba.lg.jp/kyouiku/shidou/press/2024/koukou/documents/r7kakuippan.pdf,千葉県教育委員会 令和7年度公立高等学校一般入学者選抜等志願者確定数一覧＜その1〜6＞（掛-1・chiba横展開第1弾・全日制完結）,2026-08-07
chiba,千葉県,松戸馬橋,,普通科,令和7年度（2025年度）,320,391,1.22,https://www.pref.chiba.lg.jp/kyouiku/shidou/press/2024/koukou/documents/r7kakuippan.pdf,千葉県教育委員会 令和7年度公立高等学校一般入学者選抜等志願者確定数一覧＜その1〜6＞（掛-1・chiba横展開第1弾・全日制完結）,2026-08-07
chiba,千葉県,東葛飾,,普通科,令和7年度（2025年度）,240,492,2.05,https://www.pref.chiba.lg.jp/kyouiku/shidou/press/2024/koukou/documents/r7kakuippan.pdf,千葉県教育委員会 令和7年度公立高等学校一般入学者選抜等志願者確定数一覧＜その1〜6＞（掛-1・chiba横展開第1弾・全日制完結）,2026-08-07
chiba,千葉県,柏,,普通科,令和7年度（2025年度）,280,355,1.27,https://www.pref.chiba.lg.jp/kyouiku/shidou/press/2024/koukou/documents/r7kakuippan.pdf,千葉県教育委員会 令和7年度公立高等学校一般入学者選抜等志願者確定数一覧＜その1〜6＞（掛-1・chiba横展開第1弾・全日制完結）,2026-08-07
chiba,千葉県,柏,,理数科,令和7年度（2025年度）,40,45,1.13,https://www.pref.chiba.lg.jp/kyouiku/shidou/press/2024/koukou/documents/r7kakuippan.pdf,千葉県教育委員会 令和7年度公立高等学校一般入学者選抜等志願者確定数一覧＜その1〜6＞（掛-1・chiba横展開第1弾・全日制完結）,2026-08-07
chiba,千葉県,柏南,,普通科,令和7年度（2025年度）,360,554,1.54,https://www.pref.chiba.lg.jp/kyouiku/shidou/press/2024/koukou/documents/r7kakuippan.pdf,千葉県教育委員会 令和7年度公立高等学校一般入学者選抜等志願者確定数一覧＜その1〜6＞（掛-1・chiba横展開第1弾・全日制完結）,2026-08-07
chiba,千葉県,柏陵,,普通科,令和7年度（2025年度）,320,373,1.17,https://www.pref.chiba.lg.jp/kyouiku/shidou/press/2024/koukou/documents/r7kakuippan.pdf,千葉県教育委員会 令和7年度公立高等学校一般入学者選抜等志願者確定数一覧＜その1〜6＞（掛-1・chiba横展開第1弾・全日制完結）,2026-08-07
chiba,千葉県,柏の葉,,普通科,令和7年度（2025年度）,280,396,1.41,https://www.pref.chiba.lg.jp/kyouiku/shidou/press/2024/koukou/documents/r7kakuippan.pdf,千葉県教育委員会 令和7年度公立高等学校一般入学者選抜等志願者確定数一覧＜その1〜6＞（掛-1・chiba横展開第1弾・全日制完結）,2026-08-07
chiba,千葉県,柏の葉,,情報理数科,令和7年度（2025年度）,40,58,1.45,https://www.pref.chiba.lg.jp/kyouiku/shidou/press/2024/koukou/documents/r7kakuippan.pdf,千葉県教育委員会 令和7年度公立高等学校一般入学者選抜等志願者確定数一覧＜その1〜6＞（掛-1・chiba横展開第1弾・全日制完結）,2026-08-07
chiba,千葉県,柏中央,,普通科,令和7年度（2025年度）,320,432,1.35,https://www.pref.chiba.lg.jp/kyouiku/shidou/press/2024/koukou/documents/r7kakuippan.pdf,千葉県教育委員会 令和7年度公立高等学校一般入学者選抜等志願者確定数一覧＜その1〜6＞（掛-1・chiba横展開第1弾・全日制完結）,2026-08-07
chiba,千葉県,沼南,,普通科,令和7年度（2025年度）,160,54,0.34,https://www.pref.chiba.lg.jp/kyouiku/shidou/press/2024/koukou/documents/r7kakuippan.pdf,千葉県教育委員会 令和7年度公立高等学校一般入学者選抜等志願者確定数一覧＜その1〜6＞（掛-1・chiba横展開第1弾・全日制完結）,2026-08-07
chiba,千葉県,沼南高柳,,普通科,令和7年度（2025年度）,200,211,1.06,https://www.pref.chiba.lg.jp/kyouiku/shidou/press/2024/koukou/documents/r7kakuippan.pdf,千葉県教育委員会 令和7年度公立高等学校一般入学者選抜等志願者確定数一覧＜その1〜6＞（掛-1・chiba横展開第1弾・全日制完結）,2026-08-07
chiba,千葉県,流山,,園芸科,令和7年度（2025年度）,120,108,0.9,https://www.pref.chiba.lg.jp/kyouiku/shidou/press/2024/koukou/documents/r7kakuippan.pdf,千葉県教育委員会 令和7年度公立高等学校一般入学者選抜等志願者確定数一覧＜その1〜6＞（掛-1・chiba横展開第1弾・全日制完結）,2026-08-07
chiba,千葉県,流山,,商業科・情報処理科,令和7年度（2025年度）,80,95,1.19,https://www.pref.chiba.lg.jp/kyouiku/shidou/press/2024/koukou/documents/r7kakuippan.pdf,千葉県教育委員会 令和7年度公立高等学校一般入学者選抜等志願者確定数一覧＜その1〜6＞（掛-1・chiba横展開第1弾・全日制完結）,2026-08-07
chiba,千葉県,流山おおたかの森,,普通科,令和7年度（2025年度）,320,429,1.34,https://www.pref.chiba.lg.jp/kyouiku/shidou/press/2024/koukou/documents/r7kakuippan.pdf,千葉県教育委員会 令和7年度公立高等学校一般入学者選抜等志願者確定数一覧＜その1〜6＞（掛-1・chiba横展開第1弾・全日制完結）,2026-08-07
chiba,千葉県,流山おおたかの森,,国際コミュニケーション科,令和7年度（2025年度）,40,44,1.1,https://www.pref.chiba.lg.jp/kyouiku/shidou/press/2024/koukou/documents/r7kakuippan.pdf,千葉県教育委員会 令和7年度公立高等学校一般入学者選抜等志願者確定数一覧＜その1〜6＞（掛-1・chiba横展開第1弾・全日制完結）,2026-08-07
chiba,千葉県,流山南,,普通科,令和7年度（2025年度）,280,271,0.97,https://www.pref.chiba.lg.jp/kyouiku/shidou/press/2024/koukou/documents/r7kakuippan.pdf,千葉県教育委員会 令和7年度公立高等学校一般入学者選抜等志願者確定数一覧＜その1〜6＞（掛-1・chiba横展開第1弾・全日制完結）,2026-08-07
chiba,千葉県,流山北,,普通科,令和7年度（2025年度）,200,163,0.82,https://www.pref.chiba.lg.jp/kyouiku/shidou/press/2024/koukou/documents/r7kakuippan.pdf,千葉県教育委員会 令和7年度公立高等学校一般入学者選抜等志願者確定数一覧＜その1〜6＞（掛-1・chiba横展開第1弾・全日制完結）,2026-08-07
chiba,千葉県,野田中央,,普通科,令和7年度（2025年度）,320,320,1,https://www.pref.chiba.lg.jp/kyouiku/shidou/press/2024/koukou/documents/r7kakuippan.pdf,千葉県教育委員会 令和7年度公立高等学校一般入学者選抜等志願者確定数一覧＜その1〜6＞（掛-1・chiba横展開第1弾・全日制完結）,2026-08-07
chiba,千葉県,清水,,食品科学科,令和7年度（2025年度）,40,38,0.95,https://www.pref.chiba.lg.jp/kyouiku/shidou/press/2024/koukou/documents/r7kakuippan.pdf,千葉県教育委員会 令和7年度公立高等学校一般入学者選抜等志願者確定数一覧＜その1〜6＞（掛-1・chiba横展開第1弾・全日制完結）,2026-08-07
chiba,千葉県,清水,,機械科・電気科・環境化学科,令和7年度（2025年度）,120,94,0.78,https://www.pref.chiba.lg.jp/kyouiku/shidou/press/2024/koukou/documents/r7kakuippan.pdf,千葉県教育委員会 令和7年度公立高等学校一般入学者選抜等志願者確定数一覧＜その1〜6＞（掛-1・chiba横展開第1弾・全日制完結）,2026-08-07
chiba,千葉県,関宿,,普通科,令和7年度（2025年度）,120,29,0.24,https://www.pref.chiba.lg.jp/kyouiku/shidou/press/2024/koukou/documents/r7kakuippan.pdf,千葉県教育委員会 令和7年度公立高等学校一般入学者選抜等志願者確定数一覧＜その1〜6＞（掛-1・chiba横展開第1弾・全日制完結）,2026-08-07
chiba,千葉県,我孫子,,普通科,令和7年度（2025年度）,320,342,1.07,https://www.pref.chiba.lg.jp/kyouiku/shidou/press/2024/koukou/documents/r7kakuippan.pdf,千葉県教育委員会 令和7年度公立高等学校一般入学者選抜等志願者確定数一覧＜その1〜6＞（掛-1・chiba横展開第1弾・全日制完結）,2026-08-07
chiba,千葉県,我孫子東,,普通科,令和7年度（2025年度）,200,166,0.83,https://www.pref.chiba.lg.jp/kyouiku/shidou/press/2024/koukou/documents/r7kakuippan.pdf,千葉県教育委員会 令和7年度公立高等学校一般入学者選抜等志願者確定数一覧＜その1〜6＞（掛-1・chiba横展開第1弾・全日制完結）,2026-08-07
chiba,千葉県,白井,,普通科,令和7年度（2025年度）,240,244,1.02,https://www.pref.chiba.lg.jp/kyouiku/shidou/press/2024/koukou/documents/r7kakuippan.pdf,千葉県教育委員会 令和7年度公立高等学校一般入学者選抜等志願者確定数一覧＜その1〜6＞（掛-1・chiba横展開第1弾・全日制完結）,2026-08-07
chiba,千葉県,印旛明誠,,普通科,令和7年度（2025年度）,200,229,1.15,https://www.pref.chiba.lg.jp/kyouiku/shidou/press/2024/koukou/documents/r7kakuippan.pdf,千葉県教育委員会 令和7年度公立高等学校一般入学者選抜等志願者確定数一覧＜その1〜6＞（掛-1・chiba横展開第1弾・全日制完結）,2026-08-07
chiba,千葉県,成田西陵,,園芸科,令和7年度（2025年度）,40,44,1.1,https://www.pref.chiba.lg.jp/kyouiku/shidou/press/2024/koukou/documents/r7kakuippan.pdf,千葉県教育委員会 令和7年度公立高等学校一般入学者選抜等志願者確定数一覧＜その1〜6＞（掛-1・chiba横展開第1弾・全日制完結）,2026-08-07
chiba,千葉県,成田西陵,,土木造園科,令和7年度（2025年度）,40,31,0.78,https://www.pref.chiba.lg.jp/kyouiku/shidou/press/2024/koukou/documents/r7kakuippan.pdf,千葉県教育委員会 令和7年度公立高等学校一般入学者選抜等志願者確定数一覧＜その1〜6＞（掛-1・chiba横展開第1弾・全日制完結）,2026-08-07
chiba,千葉県,成田西陵,,食品科学科,令和7年度（2025年度）,40,44,1.1,https://www.pref.chiba.lg.jp/kyouiku/shidou/press/2024/koukou/documents/r7kakuippan.pdf,千葉県教育委員会 令和7年度公立高等学校一般入学者選抜等志願者確定数一覧＜その1〜6＞（掛-1・chiba横展開第1弾・全日制完結）,2026-08-07
chiba,千葉県,成田西陵,,情報処理科,令和7年度（2025年度）,40,46,1.15,https://www.pref.chiba.lg.jp/kyouiku/shidou/press/2024/koukou/documents/r7kakuippan.pdf,千葉県教育委員会 令和7年度公立高等学校一般入学者選抜等志願者確定数一覧＜その1〜6＞（掛-1・chiba横展開第1弾・全日制完結）,2026-08-07
chiba,千葉県,成田国際,,普通科,令和7年度（2025年度）,200,275,1.38,https://www.pref.chiba.lg.jp/kyouiku/shidou/press/2024/koukou/documents/r7kakuippan.pdf,千葉県教育委員会 令和7年度公立高等学校一般入学者選抜等志願者確定数一覧＜その1〜6＞（掛-1・chiba横展開第1弾・全日制完結）,2026-08-07
chiba,千葉県,成田国際,,国際科,令和7年度（2025年度）,120,158,1.32,https://www.pref.chiba.lg.jp/kyouiku/shidou/press/2024/koukou/documents/r7kakuippan.pdf,千葉県教育委員会 令和7年度公立高等学校一般入学者選抜等志願者確定数一覧＜その1〜6＞（掛-1・chiba横展開第1弾・全日制完結）,2026-08-07
chiba,千葉県,成田北,,普通科,令和7年度（2025年度）,280,259,0.93,https://www.pref.chiba.lg.jp/kyouiku/shidou/press/2024/koukou/documents/r7kakuippan.pdf,千葉県教育委員会 令和7年度公立高等学校一般入学者選抜等志願者確定数一覧＜その1〜6＞（掛-1・chiba横展開第1弾・全日制完結）,2026-08-07
chiba,千葉県,下総,,園芸科,令和7年度（2025年度）,40,16,0.4,https://www.pref.chiba.lg.jp/kyouiku/shidou/press/2024/koukou/documents/r7kakuippan.pdf,千葉県教育委員会 令和7年度公立高等学校一般入学者選抜等志願者確定数一覧＜その1〜6＞（掛-1・chiba横展開第1弾・全日制完結）,2026-08-07
chiba,千葉県,下総,,自動車科,令和7年度（2025年度）,40,15,0.38,https://www.pref.chiba.lg.jp/kyouiku/shidou/press/2024/koukou/documents/r7kakuippan.pdf,千葉県教育委員会 令和7年度公立高等学校一般入学者選抜等志願者確定数一覧＜その1〜6＞（掛-1・chiba横展開第1弾・全日制完結）,2026-08-07
chiba,千葉県,下総,,情報処理科,令和7年度（2025年度）,40,11,0.28,https://www.pref.chiba.lg.jp/kyouiku/shidou/press/2024/koukou/documents/r7kakuippan.pdf,千葉県教育委員会 令和7年度公立高等学校一般入学者選抜等志願者確定数一覧＜その1〜6＞（掛-1・chiba横展開第1弾・全日制完結）,2026-08-07
chiba,千葉県,富里,,普通科,令和7年度（2025年度）,160,167,1.04,https://www.pref.chiba.lg.jp/kyouiku/shidou/press/2024/koukou/documents/r7kakuippan.pdf,千葉県教育委員会 令和7年度公立高等学校一般入学者選抜等志願者確定数一覧＜その1〜6＞（掛-1・chiba横展開第1弾・全日制完結）,2026-08-07
chiba,千葉県,佐倉,,普通科,令和7年度（2025年度）,280,361,1.29,https://www.pref.chiba.lg.jp/kyouiku/shidou/press/2024/koukou/documents/r7kakuippan.pdf,千葉県教育委員会 令和7年度公立高等学校一般入学者選抜等志願者確定数一覧＜その1〜6＞（掛-1・chiba横展開第1弾・全日制完結）,2026-08-07
chiba,千葉県,佐倉,,理数科,令和7年度（2025年度）,40,57,1.43,https://www.pref.chiba.lg.jp/kyouiku/shidou/press/2024/koukou/documents/r7kakuippan.pdf,千葉県教育委員会 令和7年度公立高等学校一般入学者選抜等志願者確定数一覧＜その1〜6＞（掛-1・chiba横展開第1弾・全日制完結）,2026-08-07
chiba,千葉県,佐倉東,,普通科,令和7年度（2025年度）,160,185,1.16,https://www.pref.chiba.lg.jp/kyouiku/shidou/press/2024/koukou/documents/r7kakuippan.pdf,千葉県教育委員会 令和7年度公立高等学校一般入学者選抜等志願者確定数一覧＜その1〜6＞（掛-1・chiba横展開第1弾・全日制完結）,2026-08-07
chiba,千葉県,佐倉東,,調理国際科,令和7年度（2025年度）,40,48,1.2,https://www.pref.chiba.lg.jp/kyouiku/shidou/press/2024/koukou/documents/r7kakuippan.pdf,千葉県教育委員会 令和7年度公立高等学校一般入学者選抜等志願者確定数一覧＜その1〜6＞（掛-1・chiba横展開第1弾・全日制完結）,2026-08-07
chiba,千葉県,佐倉東,,服飾デザイン科,令和7年度（2025年度）,40,37,0.93,https://www.pref.chiba.lg.jp/kyouiku/shidou/press/2024/koukou/documents/r7kakuippan.pdf,千葉県教育委員会 令和7年度公立高等学校一般入学者選抜等志願者確定数一覧＜その1〜6＞（掛-1・chiba横展開第1弾・全日制完結）,2026-08-07
chiba,千葉県,佐倉西,,普通科,令和7年度（2025年度）,160,168,1.05,https://www.pref.chiba.lg.jp/kyouiku/shidou/press/2024/koukou/documents/r7kakuippan.pdf,千葉県教育委員会 令和7年度公立高等学校一般入学者選抜等志願者確定数一覧＜その1〜6＞（掛-1・chiba横展開第1弾・全日制完結）,2026-08-07
chiba,千葉県,八街,,総合学科,令和7年度（2025年度）,120,123,1.03,https://www.pref.chiba.lg.jp/kyouiku/shidou/press/2024/koukou/documents/r7kakuippan.pdf,千葉県教育委員会 令和7年度公立高等学校一般入学者選抜等志願者確定数一覧＜その1〜6＞（掛-1・chiba横展開第1弾・全日制完結）,2026-08-07
chiba,千葉県,四街道,,普通科,令和7年度（2025年度）,320,403,1.26,https://www.pref.chiba.lg.jp/kyouiku/shidou/press/2024/koukou/documents/r7kakuippan.pdf,千葉県教育委員会 令和7年度公立高等学校一般入学者選抜等志願者確定数一覧＜その1〜6＞（掛-1・chiba横展開第1弾・全日制完結）,2026-08-07
chiba,千葉県,四街道北,,普通科,令和7年度（2025年度）,240,297,1.24,https://www.pref.chiba.lg.jp/kyouiku/shidou/press/2024/koukou/documents/r7kakuippan.pdf,千葉県教育委員会 令和7年度公立高等学校一般入学者選抜等志願者確定数一覧＜その1〜6＞（掛-1・chiba横展開第1弾・全日制完結）,2026-08-07
chiba,千葉県,佐原,,普通科,令和7年度（2025年度）,240,249,1.04,https://www.pref.chiba.lg.jp/kyouiku/shidou/press/2024/koukou/documents/r7kakuippan.pdf,千葉県教育委員会 令和7年度公立高等学校一般入学者選抜等志願者確定数一覧＜その1〜6＞（掛-1・chiba横展開第1弾・全日制完結）,2026-08-07
chiba,千葉県,佐原,,理数科,令和7年度（2025年度）,40,17,0.43,https://www.pref.chiba.lg.jp/kyouiku/shidou/press/2024/koukou/documents/r7kakuippan.pdf,千葉県教育委員会 令和7年度公立高等学校一般入学者選抜等志願者確定数一覧＜その1〜6＞（掛-1・chiba横展開第1弾・全日制完結）,2026-08-07
chiba,千葉県,佐原白楊,,普通科,令和7年度（2025年度）,200,208,1.04,https://www.pref.chiba.lg.jp/kyouiku/shidou/press/2024/koukou/documents/r7kakuippan.pdf,千葉県教育委員会 令和7年度公立高等学校一般入学者選抜等志願者確定数一覧＜その1〜6＞（掛-1・chiba横展開第1弾・全日制完結）,2026-08-07
chiba,千葉県,小見川,,普通科,令和7年度（2025年度）,160,131,0.82,https://www.pref.chiba.lg.jp/kyouiku/shidou/press/2024/koukou/documents/r7kakuippan.pdf,千葉県教育委員会 令和7年度公立高等学校一般入学者選抜等志願者確定数一覧＜その1〜6＞（掛-1・chiba横展開第1弾・全日制完結）,2026-08-07
chiba,千葉県,多古,,普通科,令和7年度（2025年度）,80,47,0.59,https://www.pref.chiba.lg.jp/kyouiku/shidou/press/2024/koukou/documents/r7kakuippan.pdf,千葉県教育委員会 令和7年度公立高等学校一般入学者選抜等志願者確定数一覧＜その1〜6＞（掛-1・chiba横展開第1弾・全日制完結）,2026-08-07
chiba,千葉県,多古,,園芸科,令和7年度（2025年度）,40,22,0.55,https://www.pref.chiba.lg.jp/kyouiku/shidou/press/2024/koukou/documents/r7kakuippan.pdf,千葉県教育委員会 令和7年度公立高等学校一般入学者選抜等志願者確定数一覧＜その1〜6＞（掛-1・chiba横展開第1弾・全日制完結）,2026-08-07
chiba,千葉県,銚子,,普通科,令和7年度（2025年度）,120,114,0.95,https://www.pref.chiba.lg.jp/kyouiku/shidou/press/2024/koukou/documents/r7kakuippan.pdf,千葉県教育委員会 令和7年度公立高等学校一般入学者選抜等志願者確定数一覧＜その1〜6＞（掛-1・chiba横展開第1弾・全日制完結）,2026-08-07
chiba,千葉県,銚子商業,,商業科・情報処理科,令和7年度（2025年度）,200,184,0.92,https://www.pref.chiba.lg.jp/kyouiku/shidou/press/2024/koukou/documents/r7kakuippan.pdf,千葉県教育委員会 令和7年度公立高等学校一般入学者選抜等志願者確定数一覧＜その1〜6＞（掛-1・chiba横展開第1弾・全日制完結）,2026-08-07
chiba,千葉県,銚子商業,,海洋科,令和7年度（2025年度）,40,16,0.4,https://www.pref.chiba.lg.jp/kyouiku/shidou/press/2024/koukou/documents/r7kakuippan.pdf,千葉県教育委員会 令和7年度公立高等学校一般入学者選抜等志願者確定数一覧＜その1〜6＞（掛-1・chiba横展開第1弾・全日制完結）,2026-08-07
chiba,千葉県,旭農業,,畜産科,令和7年度（2025年度）,40,16,0.4,https://www.pref.chiba.lg.jp/kyouiku/shidou/press/2024/koukou/documents/r7kakuippan.pdf,千葉県教育委員会 令和7年度公立高等学校一般入学者選抜等志願者確定数一覧＜その1〜6＞（掛-1・chiba横展開第1弾・全日制完結）,2026-08-07
chiba,千葉県,旭農業,,園芸科,令和7年度（2025年度）,40,23,0.58,https://www.pref.chiba.lg.jp/kyouiku/shidou/press/2024/koukou/documents/r7kakuippan.pdf,千葉県教育委員会 令和7年度公立高等学校一般入学者選抜等志願者確定数一覧＜その1〜6＞（掛-1・chiba横展開第1弾・全日制完結）,2026-08-07
chiba,千葉県,旭農業,,食品科学科,令和7年度（2025年度）,40,31,0.78,https://www.pref.chiba.lg.jp/kyouiku/shidou/press/2024/koukou/documents/r7kakuippan.pdf,千葉県教育委員会 令和7年度公立高等学校一般入学者選抜等志願者確定数一覧＜その1〜6＞（掛-1・chiba横展開第1弾・全日制完結）,2026-08-07
chiba,千葉県,東総工業,,電子機械科,令和7年度（2025年度）,40,45,1.13,https://www.pref.chiba.lg.jp/kyouiku/shidou/press/2024/koukou/documents/r7kakuippan.pdf,千葉県教育委員会 令和7年度公立高等学校一般入学者選抜等志願者確定数一覧＜その1〜6＞（掛-1・chiba横展開第1弾・全日制完結）,2026-08-07
chiba,千葉県,東総工業,,電気科,令和7年度（2025年度）,40,31,0.78,https://www.pref.chiba.lg.jp/kyouiku/shidou/press/2024/koukou/documents/r7kakuippan.pdf,千葉県教育委員会 令和7年度公立高等学校一般入学者選抜等志願者確定数一覧＜その1〜6＞（掛-1・chiba横展開第1弾・全日制完結）,2026-08-07
chiba,千葉県,東総工業,,情報技術科,令和7年度（2025年度）,40,23,0.58,https://www.pref.chiba.lg.jp/kyouiku/shidou/press/2024/koukou/documents/r7kakuippan.pdf,千葉県教育委員会 令和7年度公立高等学校一般入学者選抜等志願者確定数一覧＜その1〜6＞（掛-1・chiba横展開第1弾・全日制完結）,2026-08-07
chiba,千葉県,東総工業,,建設科,令和7年度（2025年度）,40,45,1.13,https://www.pref.chiba.lg.jp/kyouiku/shidou/press/2024/koukou/documents/r7kakuippan.pdf,千葉県教育委員会 令和7年度公立高等学校一般入学者選抜等志願者確定数一覧＜その1〜6＞（掛-1・chiba横展開第1弾・全日制完結）,2026-08-07
chiba,千葉県,匝瑳,,総合学科,令和7年度（2025年度）,240,210,0.88,https://www.pref.chiba.lg.jp/kyouiku/shidou/press/2024/koukou/documents/r7kakuippan.pdf,千葉県教育委員会 令和7年度公立高等学校一般入学者選抜等志願者確定数一覧＜その1〜6＞（掛-1・chiba横展開第1弾・全日制完結）,2026-08-07
chiba,千葉県,松尾,,普通科,令和7年度（2025年度）,120,114,0.95,https://www.pref.chiba.lg.jp/kyouiku/shidou/press/2024/koukou/documents/r7kakuippan.pdf,千葉県教育委員会 令和7年度公立高等学校一般入学者選抜等志願者確定数一覧＜その1〜6＞（掛-1・chiba横展開第1弾・全日制完結）,2026-08-07
chiba,千葉県,成東,,普通科・理数科,令和7年度（2025年度）,240,263,1.1,https://www.pref.chiba.lg.jp/kyouiku/shidou/press/2024/koukou/documents/r7kakuippan.pdf,千葉県教育委員会 令和7年度公立高等学校一般入学者選抜等志願者確定数一覧＜その1〜6＞（掛-1・chiba横展開第1弾・全日制完結）,2026-08-07
chiba,千葉県,東金,,普通科,令和7年度（2025年度）,160,169,1.06,https://www.pref.chiba.lg.jp/kyouiku/shidou/press/2024/koukou/documents/r7kakuippan.pdf,千葉県教育委員会 令和7年度公立高等学校一般入学者選抜等志願者確定数一覧＜その1〜6＞（掛-1・chiba横展開第1弾・全日制完結）,2026-08-07
chiba,千葉県,東金,,国際教養科,令和7年度（2025年度）,40,41,1.03,https://www.pref.chiba.lg.jp/kyouiku/shidou/press/2024/koukou/documents/r7kakuippan.pdf,千葉県教育委員会 令和7年度公立高等学校一般入学者選抜等志願者確定数一覧＜その1〜6＞（掛-1・chiba横展開第1弾・全日制完結）,2026-08-07
chiba,千葉県,東金商業,,商業科・情報処理科,令和7年度（2025年度）,120,106,0.88,https://www.pref.chiba.lg.jp/kyouiku/shidou/press/2024/koukou/documents/r7kakuippan.pdf,千葉県教育委員会 令和7年度公立高等学校一般入学者選抜等志願者確定数一覧＜その1〜6＞（掛-1・chiba横展開第1弾・全日制完結）,2026-08-07
chiba,千葉県,大網,,普通科,令和7年度（2025年度）,40,36,0.9,https://www.pref.chiba.lg.jp/kyouiku/shidou/press/2024/koukou/documents/r7kakuippan.pdf,千葉県教育委員会 令和7年度公立高等学校一般入学者選抜等志願者確定数一覧＜その1〜6＞（掛-1・chiba横展開第1弾・全日制完結）,2026-08-07
chiba,千葉県,大網,,農業科,令和7年度（2025年度）,40,34,0.85,https://www.pref.chiba.lg.jp/kyouiku/shidou/press/2024/koukou/documents/r7kakuippan.pdf,千葉県教育委員会 令和7年度公立高等学校一般入学者選抜等志願者確定数一覧＜その1〜6＞（掛-1・chiba横展開第1弾・全日制完結）,2026-08-07
chiba,千葉県,大網,,食品科学科,令和7年度（2025年度）,40,38,0.95,https://www.pref.chiba.lg.jp/kyouiku/shidou/press/2024/koukou/documents/r7kakuippan.pdf,千葉県教育委員会 令和7年度公立高等学校一般入学者選抜等志願者確定数一覧＜その1〜6＞（掛-1・chiba横展開第1弾・全日制完結）,2026-08-07
chiba,千葉県,大網,,生物工学科,令和7年度（2025年度）,40,26,0.65,https://www.pref.chiba.lg.jp/kyouiku/shidou/press/2024/koukou/documents/r7kakuippan.pdf,千葉県教育委員会 令和7年度公立高等学校一般入学者選抜等志願者確定数一覧＜その1〜6＞（掛-1・chiba横展開第1弾・全日制完結）,2026-08-07
chiba,千葉県,九十九里,,普通科,令和7年度（2025年度）,120,26,0.22,https://www.pref.chiba.lg.jp/kyouiku/shidou/press/2024/koukou/documents/r7kakuippan.pdf,千葉県教育委員会 令和7年度公立高等学校一般入学者選抜等志願者確定数一覧＜その1〜6＞（掛-1・chiba横展開第1弾・全日制完結）,2026-08-07
chiba,千葉県,長生,,普通科・理数科,令和7年度（2025年度）,280,345,1.23,https://www.pref.chiba.lg.jp/kyouiku/shidou/press/2024/koukou/documents/r7kakuippan.pdf,千葉県教育委員会 令和7年度公立高等学校一般入学者選抜等志願者確定数一覧＜その1〜6＞（掛-1・chiba横展開第1弾・全日制完結）,2026-08-07
chiba,千葉県,茂原,,普通科,令和7年度（2025年度）,160,187,1.17,https://www.pref.chiba.lg.jp/kyouiku/shidou/press/2024/koukou/documents/r7kakuippan.pdf,千葉県教育委員会 令和7年度公立高等学校一般入学者選抜等志願者確定数一覧＜その1〜6＞（掛-1・chiba横展開第1弾・全日制完結）,2026-08-07
chiba,千葉県,茂原樟陽,,農業科,令和7年度（2025年度）,40,37,0.93,https://www.pref.chiba.lg.jp/kyouiku/shidou/press/2024/koukou/documents/r7kakuippan.pdf,千葉県教育委員会 令和7年度公立高等学校一般入学者選抜等志願者確定数一覧＜その1〜6＞（掛-1・chiba横展開第1弾・全日制完結）,2026-08-07
chiba,千葉県,茂原樟陽,,食品科学科,令和7年度（2025年度）,40,36,0.9,https://www.pref.chiba.lg.jp/kyouiku/shidou/press/2024/koukou/documents/r7kakuippan.pdf,千葉県教育委員会 令和7年度公立高等学校一般入学者選抜等志願者確定数一覧＜その1〜6＞（掛-1・chiba横展開第1弾・全日制完結）,2026-08-07
chiba,千葉県,茂原樟陽,,土木造園科,令和7年度（2025年度）,40,35,0.88,https://www.pref.chiba.lg.jp/kyouiku/shidou/press/2024/koukou/documents/r7kakuippan.pdf,千葉県教育委員会 令和7年度公立高等学校一般入学者選抜等志願者確定数一覧＜その1〜6＞（掛-1・chiba横展開第1弾・全日制完結）,2026-08-07
chiba,千葉県,茂原樟陽,,電子機械科,令和7年度（2025年度）,40,32,0.8,https://www.pref.chiba.lg.jp/kyouiku/shidou/press/2024/koukou/documents/r7kakuippan.pdf,千葉県教育委員会 令和7年度公立高等学校一般入学者選抜等志願者確定数一覧＜その1〜6＞（掛-1・chiba横展開第1弾・全日制完結）,2026-08-07
chiba,千葉県,茂原樟陽,,電気科,令和7年度（2025年度）,40,18,0.45,https://www.pref.chiba.lg.jp/kyouiku/shidou/press/2024/koukou/documents/r7kakuippan.pdf,千葉県教育委員会 令和7年度公立高等学校一般入学者選抜等志願者確定数一覧＜その1〜6＞（掛-1・chiba横展開第1弾・全日制完結）,2026-08-07
chiba,千葉県,茂原樟陽,,環境化学科,令和7年度（2025年度）,40,19,0.48,https://www.pref.chiba.lg.jp/kyouiku/shidou/press/2024/koukou/documents/r7kakuippan.pdf,千葉県教育委員会 令和7年度公立高等学校一般入学者選抜等志願者確定数一覧＜その1〜6＞（掛-1・chiba横展開第1弾・全日制完結）,2026-08-07
chiba,千葉県,一宮商業,,商業科・情報処理科,令和7年度（2025年度）,120,122,1.02,https://www.pref.chiba.lg.jp/kyouiku/shidou/press/2024/koukou/documents/r7kakuippan.pdf,千葉県教育委員会 令和7年度公立高等学校一般入学者選抜等志願者確定数一覧＜その1〜6＞（掛-1・chiba横展開第1弾・全日制完結）,2026-08-07
chiba,千葉県,大多喜,,普通科,令和7年度（2025年度）,160,133,0.83,https://www.pref.chiba.lg.jp/kyouiku/shidou/press/2024/koukou/documents/r7kakuippan.pdf,千葉県教育委員会 令和7年度公立高等学校一般入学者選抜等志願者確定数一覧＜その1〜6＞（掛-1・chiba横展開第1弾・全日制完結）,2026-08-07
chiba,千葉県,大原,,総合学科,令和7年度（2025年度）,160,103,0.64,https://www.pref.chiba.lg.jp/kyouiku/shidou/press/2024/koukou/documents/r7kakuippan.pdf,千葉県教育委員会 令和7年度公立高等学校一般入学者選抜等志願者確定数一覧＜その1〜6＞（掛-1・chiba横展開第1弾・全日制完結）,2026-08-07
chiba,千葉県,長狭,,普通科,令和7年度（2025年度）,160,113,0.71,https://www.pref.chiba.lg.jp/kyouiku/shidou/press/2024/koukou/documents/r7kakuippan.pdf,千葉県教育委員会 令和7年度公立高等学校一般入学者選抜等志願者確定数一覧＜その1〜6＞（掛-1・chiba横展開第1弾・全日制完結）,2026-08-07
chiba,千葉県,安房拓心,,総合学科,令和7年度（2025年度）,120,101,0.84,https://www.pref.chiba.lg.jp/kyouiku/shidou/press/2024/koukou/documents/r7kakuippan.pdf,千葉県教育委員会 令和7年度公立高等学校一般入学者選抜等志願者確定数一覧＜その1〜6＞（掛-1・chiba横展開第1弾・全日制完結）,2026-08-07
chiba,千葉県,安房,,普通科,令和7年度（2025年度）,240,253,1.05,https://www.pref.chiba.lg.jp/kyouiku/shidou/press/2024/koukou/documents/r7kakuippan.pdf,千葉県教育委員会 令和7年度公立高等学校一般入学者選抜等志願者確定数一覧＜その1〜6＞（掛-1・chiba横展開第1弾・全日制完結）,2026-08-07
chiba,千葉県,館山総合,,工業科,令和7年度（2025年度）,40,14,0.35,https://www.pref.chiba.lg.jp/kyouiku/shidou/press/2024/koukou/documents/r7kakuippan.pdf,千葉県教育委員会 令和7年度公立高等学校一般入学者選抜等志願者確定数一覧＜その1〜6＞（掛-1・chiba横展開第1弾・全日制完結）,2026-08-07
chiba,千葉県,館山総合,,商業科,令和7年度（2025年度）,40,13,0.33,https://www.pref.chiba.lg.jp/kyouiku/shidou/press/2024/koukou/documents/r7kakuippan.pdf,千葉県教育委員会 令和7年度公立高等学校一般入学者選抜等志願者確定数一覧＜その1〜6＞（掛-1・chiba横展開第1弾・全日制完結）,2026-08-07
chiba,千葉県,館山総合,,海洋科,令和7年度（2025年度）,40,12,0.3,https://www.pref.chiba.lg.jp/kyouiku/shidou/press/2024/koukou/documents/r7kakuippan.pdf,千葉県教育委員会 令和7年度公立高等学校一般入学者選抜等志願者確定数一覧＜その1〜6＞（掛-1・chiba横展開第1弾・全日制完結）,2026-08-07
chiba,千葉県,館山総合,,家政科,令和7年度（2025年度）,40,14,0.35,https://www.pref.chiba.lg.jp/kyouiku/shidou/press/2024/koukou/documents/r7kakuippan.pdf,千葉県教育委員会 令和7年度公立高等学校一般入学者選抜等志願者確定数一覧＜その1〜6＞（掛-1・chiba横展開第1弾・全日制完結）,2026-08-07
chiba,千葉県,天羽,,普通科,令和7年度（2025年度）,120,48,0.4,https://www.pref.chiba.lg.jp/kyouiku/shidou/press/2024/koukou/documents/r7kakuippan.pdf,千葉県教育委員会 令和7年度公立高等学校一般入学者選抜等志願者確定数一覧＜その1〜6＞（掛-1・chiba横展開第1弾・全日制完結）,2026-08-07
chiba,千葉県,君津商業,,商業科・情報処理科,令和7年度（2025年度）,160,151,0.94,https://www.pref.chiba.lg.jp/kyouiku/shidou/press/2024/koukou/documents/r7kakuippan.pdf,千葉県教育委員会 令和7年度公立高等学校一般入学者選抜等志願者確定数一覧＜その1〜6＞（掛-1・chiba横展開第1弾・全日制完結）,2026-08-07
chiba,千葉県,木更津,,普通科,令和7年度（2025年度）,280,356,1.27,https://www.pref.chiba.lg.jp/kyouiku/shidou/press/2024/koukou/documents/r7kakuippan.pdf,千葉県教育委員会 令和7年度公立高等学校一般入学者選抜等志願者確定数一覧＜その1〜6＞（掛-1・chiba横展開第1弾・全日制完結）,2026-08-07
chiba,千葉県,木更津,,理数科,令和7年度（2025年度）,40,62,1.55,https://www.pref.chiba.lg.jp/kyouiku/shidou/press/2024/koukou/documents/r7kakuippan.pdf,千葉県教育委員会 令和7年度公立高等学校一般入学者選抜等志願者確定数一覧＜その1〜6＞（掛-1・chiba横展開第1弾・全日制完結）,2026-08-07
chiba,千葉県,木更津東,,普通科,令和7年度（2025年度）,120,139,1.16,https://www.pref.chiba.lg.jp/kyouiku/shidou/press/2024/koukou/documents/r7kakuippan.pdf,千葉県教育委員会 令和7年度公立高等学校一般入学者選抜等志願者確定数一覧＜その1〜6＞（掛-1・chiba横展開第1弾・全日制完結）,2026-08-07
chiba,千葉県,木更津東,,家政科,令和7年度（2025年度）,40,46,1.15,https://www.pref.chiba.lg.jp/kyouiku/shidou/press/2024/koukou/documents/r7kakuippan.pdf,千葉県教育委員会 令和7年度公立高等学校一般入学者選抜等志願者確定数一覧＜その1〜6＞（掛-1・chiba横展開第1弾・全日制完結）,2026-08-07
chiba,千葉県,君津,,普通科,令和7年度（2025年度）,240,245,1.02,https://www.pref.chiba.lg.jp/kyouiku/shidou/press/2024/koukou/documents/r7kakuippan.pdf,千葉県教育委員会 令和7年度公立高等学校一般入学者選抜等志願者確定数一覧＜その1〜6＞（掛-1・chiba横展開第1弾・全日制完結）,2026-08-07
chiba,千葉県,君津,,園芸科,令和7年度（2025年度）,40,42,1.05,https://www.pref.chiba.lg.jp/kyouiku/shidou/press/2024/koukou/documents/r7kakuippan.pdf,千葉県教育委員会 令和7年度公立高等学校一般入学者選抜等志願者確定数一覧＜その1〜6＞（掛-1・chiba横展開第1弾・全日制完結）,2026-08-07
chiba,千葉県,君津青葉,,総合学科,令和7年度（2025年度）,120,77,0.64,https://www.pref.chiba.lg.jp/kyouiku/shidou/press/2024/koukou/documents/r7kakuippan.pdf,千葉県教育委員会 令和7年度公立高等学校一般入学者選抜等志願者確定数一覧＜その1〜6＞（掛-1・chiba横展開第1弾・全日制完結）,2026-08-07
chiba,千葉県,袖ヶ浦,,普通科,令和7年度（2025年度）,240,262,1.09,https://www.pref.chiba.lg.jp/kyouiku/shidou/press/2024/koukou/documents/r7kakuippan.pdf,千葉県教育委員会 令和7年度公立高等学校一般入学者選抜等志願者確定数一覧＜その1〜6＞（掛-1・chiba横展開第1弾・全日制完結）,2026-08-07
chiba,千葉県,袖ヶ浦,,情報コミュニケーション科,令和7年度（2025年度）,40,33,0.83,https://www.pref.chiba.lg.jp/kyouiku/shidou/press/2024/koukou/documents/r7kakuippan.pdf,千葉県教育委員会 令和7年度公立高等学校一般入学者選抜等志願者確定数一覧＜その1〜6＞（掛-1・chiba横展開第1弾・全日制完結）,2026-08-07
chiba,千葉県,市原,,普通科,令和7年度（2025年度）,80,48,0.6,https://www.pref.chiba.lg.jp/kyouiku/shidou/press/2024/koukou/documents/r7kakuippan.pdf,千葉県教育委員会 令和7年度公立高等学校一般入学者選抜等志願者確定数一覧＜その1〜6＞（掛-1・chiba横展開第1弾・全日制完結）,2026-08-07
chiba,千葉県,市原,,園芸科,令和7年度（2025年度）,40,19,0.48,https://www.pref.chiba.lg.jp/kyouiku/shidou/press/2024/koukou/documents/r7kakuippan.pdf,千葉県教育委員会 令和7年度公立高等学校一般入学者選抜等志願者確定数一覧＜その1〜6＞（掛-1・chiba横展開第1弾・全日制完結）,2026-08-07
chiba,千葉県,京葉,,普通科,令和7年度（2025年度）,120,131,1.09,https://www.pref.chiba.lg.jp/kyouiku/shidou/press/2024/koukou/documents/r7kakuippan.pdf,千葉県教育委員会 令和7年度公立高等学校一般入学者選抜等志願者確定数一覧＜その1〜6＞（掛-1・chiba横展開第1弾・全日制完結）,2026-08-07
chiba,千葉県,市原緑,,普通科,令和7年度（2025年度）,120,107,0.89,https://www.pref.chiba.lg.jp/kyouiku/shidou/press/2024/koukou/documents/r7kakuippan.pdf,千葉県教育委員会 令和7年度公立高等学校一般入学者選抜等志願者確定数一覧＜その1〜6＞（掛-1・chiba横展開第1弾・全日制完結）,2026-08-07
chiba,千葉県,姉崎,,普通科,令和7年度（2025年度）,120,165,1.38,https://www.pref.chiba.lg.jp/kyouiku/shidou/press/2024/koukou/documents/r7kakuippan.pdf,千葉県教育委員会 令和7年度公立高等学校一般入学者選抜等志願者確定数一覧＜その1〜6＞（掛-1・chiba横展開第1弾・全日制完結）,2026-08-07
chiba,千葉県,市原八幡,,普通科,令和7年度（2025年度）,200,222,1.11,https://www.pref.chiba.lg.jp/kyouiku/shidou/press/2024/koukou/documents/r7kakuippan.pdf,千葉県教育委員会 令和7年度公立高等学校一般入学者選抜等志願者確定数一覧＜その1〜6＞（掛-1・chiba横展開第1弾・全日制完結）,2026-08-07
chiba,千葉県,市立千葉,,普通科,令和8年度（2026年度）,280,433,1.55,https://www.pref.chiba.lg.jp/kyouiku/shidou/nyuushi/koukou/r8/documents/r8kakuteiippan.pdf,千葉県教育委員会 令和8年度公立高等学校一般入学者選抜等志願者確定数一覧＜その1〜6＞,2026-07-24
chiba,千葉県,市立千葉,,理数科,令和8年度（2026年度）,40,70,1.75,https://www.pref.chiba.lg.jp/kyouiku/shidou/nyuushi/koukou/r8/documents/r8kakuteiippan.pdf,千葉県教育委員会 令和8年度公立高等学校一般入学者選抜等志願者確定数一覧＜その1〜6＞,2026-07-24
chiba,千葉県,市立習志野,,普通科,令和8年度（2026年度）,240,241,1,https://www.pref.chiba.lg.jp/kyouiku/shidou/nyuushi/koukou/r8/documents/r8kakuteiippan.pdf,千葉県教育委員会 令和8年度公立高等学校一般入学者選抜等志願者確定数一覧＜その1〜6＞,2026-07-24
chiba,千葉県,市立習志野,,商業科,令和8年度（2026年度）,80,93,1.16,https://www.pref.chiba.lg.jp/kyouiku/shidou/nyuushi/koukou/r8/documents/r8kakuteiippan.pdf,千葉県教育委員会 令和8年度公立高等学校一般入学者選抜等志願者確定数一覧＜その1〜6＞,2026-07-24
chiba,千葉県,市立船橋,,普通科,令和8年度（2026年度）,240,294,1.23,https://www.pref.chiba.lg.jp/kyouiku/shidou/nyuushi/koukou/r8/documents/r8kakuteiippan.pdf,千葉県教育委員会 令和8年度公立高等学校一般入学者選抜等志願者確定数一覧＜その1〜6＞,2026-07-24
chiba,千葉県,市立船橋,,商業科,令和8年度（2026年度）,80,122,1.53,https://www.pref.chiba.lg.jp/kyouiku/shidou/nyuushi/koukou/r8/documents/r8kakuteiippan.pdf,千葉県教育委員会 令和8年度公立高等学校一般入学者選抜等志願者確定数一覧＜その1〜6＞,2026-07-24
chiba,千葉県,市立船橋,,体育科,令和8年度（2026年度）,80,82,1.03,https://www.pref.chiba.lg.jp/kyouiku/shidou/nyuushi/koukou/r8/documents/r8kakuteiippan.pdf,千葉県教育委員会 令和8年度公立高等学校一般入学者選抜等志願者確定数一覧＜その1〜6＞,2026-07-24
chiba,千葉県,市立松戸,,普通科,令和8年度（2026年度）,280,390,1.39,https://www.pref.chiba.lg.jp/kyouiku/shidou/nyuushi/koukou/r8/documents/r8kakuteiippan.pdf,千葉県教育委員会 令和8年度公立高等学校一般入学者選抜等志願者確定数一覧＜その1〜6＞,2026-07-24
chiba,千葉県,市立松戸,,国際人文科,令和8年度（2026年度）,40,57,1.43,https://www.pref.chiba.lg.jp/kyouiku/shidou/nyuushi/koukou/r8/documents/r8kakuteiippan.pdf,千葉県教育委員会 令和8年度公立高等学校一般入学者選抜等志願者確定数一覧＜その1〜6＞,2026-07-24
chiba,千葉県,市立柏,,普通科,令和8年度（2026年度）,280,343,1.23,https://www.pref.chiba.lg.jp/kyouiku/shidou/nyuushi/koukou/r8/documents/r8kakuteiippan.pdf,千葉県教育委員会 令和8年度公立高等学校一般入学者選抜等志願者確定数一覧＜その1〜6＞,2026-07-24
chiba,千葉県,市立柏,,スポーツ科学科,令和8年度（2026年度）,40,42,1.05,https://www.pref.chiba.lg.jp/kyouiku/shidou/nyuushi/koukou/r8/documents/r8kakuteiippan.pdf,千葉県教育委員会 令和8年度公立高等学校一般入学者選抜等志願者確定数一覧＜その1〜6＞,2026-07-24
chiba,千葉県,市立銚子,,普通科・理数科,令和8年度（2026年度）,240,247,1.03,https://www.pref.chiba.lg.jp/kyouiku/shidou/nyuushi/koukou/r8/documents/r8kakuteiippan.pdf,千葉県教育委員会 令和8年度公立高等学校一般入学者選抜等志願者確定数一覧＜その1〜6＞,2026-07-24
chiba,千葉県,市立千葉,,普通科,令和7年度（2025年度）,280,420,1.5,https://www.pref.chiba.lg.jp/kyouiku/shidou/press/2024/koukou/documents/r7kakuippan.pdf,千葉県教育委員会 令和7年度公立高等学校一般入学者選抜等志願者確定数一覧＜その1〜6＞（掛-1・chiba横展開第1弾・全日制完結）,2026-08-07
chiba,千葉県,市立千葉,,理数科,令和7年度（2025年度）,40,74,1.85,https://www.pref.chiba.lg.jp/kyouiku/shidou/press/2024/koukou/documents/r7kakuippan.pdf,千葉県教育委員会 令和7年度公立高等学校一般入学者選抜等志願者確定数一覧＜その1〜6＞（掛-1・chiba横展開第1弾・全日制完結）,2026-08-07
chiba,千葉県,市立習志野,,普通科,令和7年度（2025年度）,240,253,1.05,https://www.pref.chiba.lg.jp/kyouiku/shidou/press/2024/koukou/documents/r7kakuippan.pdf,千葉県教育委員会 令和7年度公立高等学校一般入学者選抜等志願者確定数一覧＜その1〜6＞（掛-1・chiba横展開第1弾・全日制完結）,2026-08-07
chiba,千葉県,市立習志野,,商業科,令和7年度（2025年度）,80,89,1.11,https://www.pref.chiba.lg.jp/kyouiku/shidou/press/2024/koukou/documents/r7kakuippan.pdf,千葉県教育委員会 令和7年度公立高等学校一般入学者選抜等志願者確定数一覧＜その1〜6＞（掛-1・chiba横展開第1弾・全日制完結）,2026-08-07
chiba,千葉県,市立船橋,,普通科,令和7年度（2025年度）,240,346,1.44,https://www.pref.chiba.lg.jp/kyouiku/shidou/press/2024/koukou/documents/r7kakuippan.pdf,千葉県教育委員会 令和7年度公立高等学校一般入学者選抜等志願者確定数一覧＜その1〜6＞（掛-1・chiba横展開第1弾・全日制完結）,2026-08-07
chiba,千葉県,市立船橋,,商業科,令和7年度（2025年度）,80,112,1.4,https://www.pref.chiba.lg.jp/kyouiku/shidou/press/2024/koukou/documents/r7kakuippan.pdf,千葉県教育委員会 令和7年度公立高等学校一般入学者選抜等志願者確定数一覧＜その1〜6＞（掛-1・chiba横展開第1弾・全日制完結）,2026-08-07
chiba,千葉県,市立船橋,,体育科,令和7年度（2025年度）,80,82,1.03,https://www.pref.chiba.lg.jp/kyouiku/shidou/press/2024/koukou/documents/r7kakuippan.pdf,千葉県教育委員会 令和7年度公立高等学校一般入学者選抜等志願者確定数一覧＜その1〜6＞（掛-1・chiba横展開第1弾・全日制完結）,2026-08-07
chiba,千葉県,市立松戸,,普通科,令和7年度（2025年度）,280,422,1.51,https://www.pref.chiba.lg.jp/kyouiku/shidou/press/2024/koukou/documents/r7kakuippan.pdf,千葉県教育委員会 令和7年度公立高等学校一般入学者選抜等志願者確定数一覧＜その1〜6＞（掛-1・chiba横展開第1弾・全日制完結）,2026-08-07
chiba,千葉県,市立松戸,,国際人文科,令和7年度（2025年度）,40,43,1.08,https://www.pref.chiba.lg.jp/kyouiku/shidou/press/2024/koukou/documents/r7kakuippan.pdf,千葉県教育委員会 令和7年度公立高等学校一般入学者選抜等志願者確定数一覧＜その1〜6＞（掛-1・chiba横展開第1弾・全日制完結）,2026-08-07
chiba,千葉県,市立柏,,普通科,令和7年度（2025年度）,280,285,1.02,https://www.pref.chiba.lg.jp/kyouiku/shidou/press/2024/koukou/documents/r7kakuippan.pdf,千葉県教育委員会 令和7年度公立高等学校一般入学者選抜等志願者確定数一覧＜その1〜6＞（掛-1・chiba横展開第1弾・全日制完結）,2026-08-07
chiba,千葉県,市立柏,,スポーツ科学科,令和7年度（2025年度）,40,40,1,https://www.pref.chiba.lg.jp/kyouiku/shidou/press/2024/koukou/documents/r7kakuippan.pdf,千葉県教育委員会 令和7年度公立高等学校一般入学者選抜等志願者確定数一覧＜その1〜6＞（掛-1・chiba横展開第1弾・全日制完結）,2026-08-07
chiba,千葉県,市立銚子,,普通科・理数科,令和7年度（2025年度）,240,251,1.05,https://www.pref.chiba.lg.jp/kyouiku/shidou/press/2024/koukou/documents/r7kakuippan.pdf,千葉県教育委員会 令和7年度公立高等学校一般入学者選抜等志願者確定数一覧＜その1〜6＞（掛-1・chiba横展開第1弾・全日制完結）,2026-08-07
chiba,千葉県,千葉,,普通科,令和6年度（2024年度）,240,356,1.48,https://www.pref.chiba.lg.jp/kyouiku/shidou/press/2023/koukou/documents/r60216ippan.pdf,千葉県教育委員会 令和6年度公立高等学校一般入学者選抜等志願者確定数一覧＜その1〜6＞（掛-1・chiba横展開R6完結・全日制のみ収録）,2026-08-08
chiba,千葉県,千葉女子,,普通科,令和6年度（2024年度）,240,253,1.05,https://www.pref.chiba.lg.jp/kyouiku/shidou/press/2023/koukou/documents/r60216ippan.pdf,千葉県教育委員会 令和6年度公立高等学校一般入学者選抜等志願者確定数一覧＜その1〜6＞（掛-1・chiba横展開R6完結・全日制のみ収録）,2026-08-08
chiba,千葉県,千葉女子,,家政科,令和6年度（2024年度）,40,41,1.03,https://www.pref.chiba.lg.jp/kyouiku/shidou/press/2023/koukou/documents/r60216ippan.pdf,千葉県教育委員会 令和6年度公立高等学校一般入学者選抜等志願者確定数一覧＜その1〜6＞（掛-1・chiba横展開R6完結・全日制のみ収録）,2026-08-08
chiba,千葉県,千葉東,,普通科,令和6年度（2024年度）,320,418,1.31,https://www.pref.chiba.lg.jp/kyouiku/shidou/press/2023/koukou/documents/r60216ippan.pdf,千葉県教育委員会 令和6年度公立高等学校一般入学者選抜等志願者確定数一覧＜その1〜6＞（掛-1・chiba横展開R6完結・全日制のみ収録）,2026-08-08
chiba,千葉県,千葉商業,,商業科・情報処理科,令和6年度（2024年度）,320,360,1.13,https://www.pref.chiba.lg.jp/kyouiku/shidou/press/2023/koukou/documents/r60216ippan.pdf,千葉県教育委員会 令和6年度公立高等学校一般入学者選抜等志願者確定数一覧＜その1〜6＞（掛-1・chiba横展開R6完結・全日制のみ収録）,2026-08-08
chiba,千葉県,京葉工業,,機械科,令和6年度（2024年度）,80,70,0.88,https://www.pref.chiba.lg.jp/kyouiku/shidou/press/2023/koukou/documents/r60216ippan.pdf,千葉県教育委員会 令和6年度公立高等学校一般入学者選抜等志願者確定数一覧＜その1〜6＞（掛-1・chiba横展開R6完結・全日制のみ収録）,2026-08-08
chiba,千葉県,京葉工業,,電子工業科,令和6年度（2024年度）,80,83,1.04,https://www.pref.chiba.lg.jp/kyouiku/shidou/press/2023/koukou/documents/r60216ippan.pdf,千葉県教育委員会 令和6年度公立高等学校一般入学者選抜等志願者確定数一覧＜その1〜6＞（掛-1・chiba横展開R6完結・全日制のみ収録）,2026-08-08
chiba,千葉県,京葉工業,,設備システム科,令和6年度（2024年度）,40,36,0.9,https://www.pref.chiba.lg.jp/kyouiku/shidou/press/2023/koukou/documents/r60216ippan.pdf,千葉県教育委員会 令和6年度公立高等学校一般入学者選抜等志願者確定数一覧＜その1〜6＞（掛-1・chiba横展開R6完結・全日制のみ収録）,2026-08-08
chiba,千葉県,京葉工業,,建設科,令和6年度（2024年度）,40,36,0.9,https://www.pref.chiba.lg.jp/kyouiku/shidou/press/2023/koukou/documents/r60216ippan.pdf,千葉県教育委員会 令和6年度公立高等学校一般入学者選抜等志願者確定数一覧＜その1〜6＞（掛-1・chiba横展開R6完結・全日制のみ収録）,2026-08-08
chiba,千葉県,千葉工業,,電子機械科,令和6年度（2024年度）,80,53,0.66,https://www.pref.chiba.lg.jp/kyouiku/shidou/press/2023/koukou/documents/r60216ippan.pdf,千葉県教育委員会 令和6年度公立高等学校一般入学者選抜等志願者確定数一覧＜その1〜6＞（掛-1・chiba横展開R6完結・全日制のみ収録）,2026-08-08
chiba,千葉県,千葉工業,,電気科,令和6年度（2024年度）,40,36,0.9,https://www.pref.chiba.lg.jp/kyouiku/shidou/press/2023/koukou/documents/r60216ippan.pdf,千葉県教育委員会 令和6年度公立高等学校一般入学者選抜等志願者確定数一覧＜その1〜6＞（掛-1・chiba横展開R6完結・全日制のみ収録）,2026-08-08
chiba,千葉県,千葉工業,,情報技術科,令和6年度（2024年度）,40,48,1.2,https://www.pref.chiba.lg.jp/kyouiku/shidou/press/2023/koukou/documents/r60216ippan.pdf,千葉県教育委員会 令和6年度公立高等学校一般入学者選抜等志願者確定数一覧＜その1〜6＞（掛-1・chiba横展開R6完結・全日制のみ収録）,2026-08-08
chiba,千葉県,千葉工業,,工業化学科,令和6年度（2024年度）,40,13,0.33,https://www.pref.chiba.lg.jp/kyouiku/shidou/press/2023/koukou/documents/r60216ippan.pdf,千葉県教育委員会 令和6年度公立高等学校一般入学者選抜等志願者確定数一覧＜その1〜6＞（掛-1・chiba横展開R6完結・全日制のみ収録）,2026-08-08
chiba,千葉県,千葉工業,,理数工学科,令和6年度（2024年度）,40,26,0.65,https://www.pref.chiba.lg.jp/kyouiku/shidou/press/2023/koukou/documents/r60216ippan.pdf,千葉県教育委員会 令和6年度公立高等学校一般入学者選抜等志願者確定数一覧＜その1〜6＞（掛-1・chiba横展開R6完結・全日制のみ収録）,2026-08-08
chiba,千葉県,千葉南,,普通科,令和6年度（2024年度）,320,359,1.12,https://www.pref.chiba.lg.jp/kyouiku/shidou/press/2023/koukou/documents/r60216ippan.pdf,千葉県教育委員会 令和6年度公立高等学校一般入学者選抜等志願者確定数一覧＜その1〜6＞（掛-1・chiba横展開R6完結・全日制のみ収録）,2026-08-08
chiba,千葉県,検見川,,普通科,令和6年度（2024年度）,320,404,1.26,https://www.pref.chiba.lg.jp/kyouiku/shidou/press/2023/koukou/documents/r60216ippan.pdf,千葉県教育委員会 令和6年度公立高等学校一般入学者選抜等志願者確定数一覧＜その1〜6＞（掛-1・chiba横展開R6完結・全日制のみ収録）,2026-08-08
chiba,千葉県,千葉北,,普通科,令和6年度（2024年度）,320,350,1.09,https://www.pref.chiba.lg.jp/kyouiku/shidou/press/2023/koukou/documents/r60216ippan.pdf,千葉県教育委員会 令和6年度公立高等学校一般入学者選抜等志願者確定数一覧＜その1〜6＞（掛-1・chiba横展開R6完結・全日制のみ収録）,2026-08-08
chiba,千葉県,若松,,普通科,令和6年度（2024年度）,320,384,1.2,https://www.pref.chiba.lg.jp/kyouiku/shidou/press/2023/koukou/documents/r60216ippan.pdf,千葉県教育委員会 令和6年度公立高等学校一般入学者選抜等志願者確定数一覧＜その1〜6＞（掛-1・chiba横展開R6完結・全日制のみ収録）,2026-08-08
chiba,千葉県,千城台,,普通科,令和6年度（2024年度）,320,383,1.2,https://www.pref.chiba.lg.jp/kyouiku/shidou/press/2023/koukou/documents/r60216ippan.pdf,千葉県教育委員会 令和6年度公立高等学校一般入学者選抜等志願者確定数一覧＜その1〜6＞（掛-1・chiba横展開R6完結・全日制のみ収録）,2026-08-08
chiba,千葉県,生浜,,普通科,令和6年度（2024年度）,80,87,1.09,https://www.pref.chiba.lg.jp/kyouiku/shidou/press/2023/koukou/documents/r60216ippan.pdf,千葉県教育委員会 令和6年度公立高等学校一般入学者選抜等志願者確定数一覧＜その1〜6＞（掛-1・chiba横展開R6完結・全日制のみ収録）,2026-08-08
chiba,千葉県,磯辺,,普通科,令和6年度（2024年度）,320,439,1.37,https://www.pref.chiba.lg.jp/kyouiku/shidou/press/2023/koukou/documents/r60216ippan.pdf,千葉県教育委員会 令和6年度公立高等学校一般入学者選抜等志願者確定数一覧＜その1〜6＞（掛-1・chiba横展開R6完結・全日制のみ収録）,2026-08-08
chiba,千葉県,泉,,普通科,令和6年度（2024年度）,160,101,0.63,https://www.pref.chiba.lg.jp/kyouiku/shidou/press/2023/koukou/documents/r60216ippan.pdf,千葉県教育委員会 令和6年度公立高等学校一般入学者選抜等志願者確定数一覧＜その1〜6＞（掛-1・chiba横展開R6完結・全日制のみ収録）,2026-08-08
chiba,千葉県,幕張総合,,総合学科,令和6年度（2024年度）,680,1039,1.53,https://www.pref.chiba.lg.jp/kyouiku/shidou/press/2023/koukou/documents/r60216ippan.pdf,千葉県教育委員会 令和6年度公立高等学校一般入学者選抜等志願者確定数一覧＜その1〜6＞（掛-1・chiba横展開R6完結・全日制のみ収録）,2026-08-08
chiba,千葉県,幕張総合,,看護科,令和6年度（2024年度）,40,54,1.35,https://www.pref.chiba.lg.jp/kyouiku/shidou/press/2023/koukou/documents/r60216ippan.pdf,千葉県教育委員会 令和6年度公立高等学校一般入学者選抜等志願者確定数一覧＜その1〜6＞（掛-1・chiba横展開R6完結・全日制のみ収録）,2026-08-08
chiba,千葉県,柏井,,普通科,令和6年度（2024年度）,240,278,1.16,https://www.pref.chiba.lg.jp/kyouiku/shidou/press/2023/koukou/documents/r60216ippan.pdf,千葉県教育委員会 令和6年度公立高等学校一般入学者選抜等志願者確定数一覧＜その1〜6＞（掛-1・chiba横展開R6完結・全日制のみ収録）,2026-08-08
chiba,千葉県,土気,,普通科,令和6年度（2024年度）,280,276,0.99,https://www.pref.chiba.lg.jp/kyouiku/shidou/press/2023/koukou/documents/r60216ippan.pdf,千葉県教育委員会 令和6年度公立高等学校一般入学者選抜等志願者確定数一覧＜その1〜6＞（掛-1・chiba横展開R6完結・全日制のみ収録）,2026-08-08
chiba,千葉県,千葉西,,普通科,令和6年度（2024年度）,320,383,1.2,https://www.pref.chiba.lg.jp/kyouiku/shidou/press/2023/koukou/documents/r60216ippan.pdf,千葉県教育委員会 令和6年度公立高等学校一般入学者選抜等志願者確定数一覧＜その1〜6＞（掛-1・chiba横展開R6完結・全日制のみ収録）,2026-08-08
chiba,千葉県,犢橋,,普通科,令和6年度（2024年度）,240,274,1.14,https://www.pref.chiba.lg.jp/kyouiku/shidou/press/2023/koukou/documents/r60216ippan.pdf,千葉県教育委員会 令和6年度公立高等学校一般入学者選抜等志願者確定数一覧＜その1〜6＞（掛-1・chiba横展開R6完結・全日制のみ収録）,2026-08-08
chiba,千葉県,八千代,,普通科,令和6年度（2024年度）,240,323,1.35,https://www.pref.chiba.lg.jp/kyouiku/shidou/press/2023/koukou/documents/r60216ippan.pdf,千葉県教育委員会 令和6年度公立高等学校一般入学者選抜等志願者確定数一覧＜その1〜6＞（掛-1・chiba横展開R6完結・全日制のみ収録）,2026-08-08
chiba,千葉県,八千代,,家政科,令和6年度（2024年度）,40,40,1,https://www.pref.chiba.lg.jp/kyouiku/shidou/press/2023/koukou/documents/r60216ippan.pdf,千葉県教育委員会 令和6年度公立高等学校一般入学者選抜等志願者確定数一覧＜その1〜6＞（掛-1・chiba横展開R6完結・全日制のみ収録）,2026-08-08
chiba,千葉県,八千代,,体育科,令和6年度（2024年度）,40,54,1.35,https://www.pref.chiba.lg.jp/kyouiku/shidou/press/2023/koukou/documents/r60216ippan.pdf,千葉県教育委員会 令和6年度公立高等学校一般入学者選抜等志願者確定数一覧＜その1〜6＞（掛-1・chiba横展開R6完結・全日制のみ収録）,2026-08-08
chiba,千葉県,八千代東,,普通科,令和6年度（2024年度）,280,268,0.96,https://www.pref.chiba.lg.jp/kyouiku/shidou/press/2023/koukou/documents/r60216ippan.pdf,千葉県教育委員会 令和6年度公立高等学校一般入学者選抜等志願者確定数一覧＜その1〜6＞（掛-1・chiba横展開R6完結・全日制のみ収録）,2026-08-08
chiba,千葉県,八千代西,,普通科,令和6年度（2024年度）,200,93,0.47,https://www.pref.chiba.lg.jp/kyouiku/shidou/press/2023/koukou/documents/r60216ippan.pdf,千葉県教育委員会 令和6年度公立高等学校一般入学者選抜等志願者確定数一覧＜その1〜6＞（掛-1・chiba横展開R6完結・全日制のみ収録）,2026-08-08
chiba,千葉県,津田沼,,普通科,令和6年度（2024年度）,320,463,1.45,https://www.pref.chiba.lg.jp/kyouiku/shidou/press/2023/koukou/documents/r60216ippan.pdf,千葉県教育委員会 令和6年度公立高等学校一般入学者選抜等志願者確定数一覧＜その1〜6＞（掛-1・chiba横展開R6完結・全日制のみ収録）,2026-08-08
chiba,千葉県,実籾,,普通科,令和6年度（2024年度）,320,398,1.24,https://www.pref.chiba.lg.jp/kyouiku/shidou/press/2023/koukou/documents/r60216ippan.pdf,千葉県教育委員会 令和6年度公立高等学校一般入学者選抜等志願者確定数一覧＜その1〜6＞（掛-1・chiba横展開R6完結・全日制のみ収録）,2026-08-08
chiba,千葉県,船橋,,普通科,令和6年度（2024年度）,320,641,2,https://www.pref.chiba.lg.jp/kyouiku/shidou/press/2023/koukou/documents/r60216ippan.pdf,千葉県教育委員会 令和6年度公立高等学校一般入学者選抜等志願者確定数一覧＜その1〜6＞（掛-1・chiba横展開R6完結・全日制のみ収録）,2026-08-08
chiba,千葉県,船橋,,理数科,令和6年度（2024年度）,40,87,2.18,https://www.pref.chiba.lg.jp/kyouiku/shidou/press/2023/koukou/documents/r60216ippan.pdf,千葉県教育委員会 令和6年度公立高等学校一般入学者選抜等志願者確定数一覧＜その1〜6＞（掛-1・chiba横展開R6完結・全日制のみ収録）,2026-08-08
chiba,千葉県,薬園台,,普通科,令和6年度（2024年度）,280,423,1.51,https://www.pref.chiba.lg.jp/kyouiku/shidou/press/2023/koukou/documents/r60216ippan.pdf,千葉県教育委員会 令和6年度公立高等学校一般入学者選抜等志願者確定数一覧＜その1〜6＞（掛-1・chiba横展開R6完結・全日制のみ収録）,2026-08-08
chiba,千葉県,薬園台,,園芸科,令和6年度（2024年度）,40,49,1.23,https://www.pref.chiba.lg.jp/kyouiku/shidou/press/2023/koukou/documents/r60216ippan.pdf,千葉県教育委員会 令和6年度公立高等学校一般入学者選抜等志願者確定数一覧＜その1〜6＞（掛-1・chiba横展開R6完結・全日制のみ収録）,2026-08-08
chiba,千葉県,船橋東,,普通科,令和6年度（2024年度）,320,508,1.59,https://www.pref.chiba.lg.jp/kyouiku/shidou/press/2023/koukou/documents/r60216ippan.pdf,千葉県教育委員会 令和6年度公立高等学校一般入学者選抜等志願者確定数一覧＜その1〜6＞（掛-1・chiba横展開R6完結・全日制のみ収録）,2026-08-08
chiba,千葉県,船橋啓明,,普通科,令和6年度（2024年度）,320,391,1.22,https://www.pref.chiba.lg.jp/kyouiku/shidou/press/2023/koukou/documents/r60216ippan.pdf,千葉県教育委員会 令和6年度公立高等学校一般入学者選抜等志願者確定数一覧＜その1〜6＞（掛-1・chiba横展開R6完結・全日制のみ収録）,2026-08-08
chiba,千葉県,船橋芝山,,普通科,令和6年度（2024年度）,320,501,1.57,https://www.pref.chiba.lg.jp/kyouiku/shidou/press/2023/koukou/documents/r60216ippan.pdf,千葉県教育委員会 令和6年度公立高等学校一般入学者選抜等志願者確定数一覧＜その1〜6＞（掛-1・chiba横展開R6完結・全日制のみ収録）,2026-08-08
chiba,千葉県,船橋二和,,普通科,令和6年度（2024年度）,280,286,1.02,https://www.pref.chiba.lg.jp/kyouiku/shidou/press/2023/koukou/documents/r60216ippan.pdf,千葉県教育委員会 令和6年度公立高等学校一般入学者選抜等志願者確定数一覧＜その1〜6＞（掛-1・chiba横展開R6完結・全日制のみ収録）,2026-08-08
chiba,千葉県,船橋古和釜,,普通科,令和6年度（2024年度）,240,234,0.98,https://www.pref.chiba.lg.jp/kyouiku/shidou/press/2023/koukou/documents/r60216ippan.pdf,千葉県教育委員会 令和6年度公立高等学校一般入学者選抜等志願者確定数一覧＜その1〜6＞（掛-1・chiba横展開R6完結・全日制のみ収録）,2026-08-08
chiba,千葉県,船橋法典,,普通科,令和6年度（2024年度）,240,204,0.85,https://www.pref.chiba.lg.jp/kyouiku/shidou/press/2023/koukou/documents/r60216ippan.pdf,千葉県教育委員会 令和6年度公立高等学校一般入学者選抜等志願者確定数一覧＜その1〜6＞（掛-1・chiba横展開R6完結・全日制のみ収録）,2026-08-08
chiba,千葉県,船橋豊富,,普通科,令和6年度（2024年度）,160,63,0.39,https://www.pref.chiba.lg.jp/kyouiku/shidou/press/2023/koukou/documents/r60216ippan.pdf,千葉県教育委員会 令和6年度公立高等学校一般入学者選抜等志願者確定数一覧＜その1〜6＞（掛-1・chiba横展開R6完結・全日制のみ収録）,2026-08-08
chiba,千葉県,船橋北,,普通科,令和6年度（2024年度）,200,182,0.91,https://www.pref.chiba.lg.jp/kyouiku/shidou/press/2023/koukou/documents/r60216ippan.pdf,千葉県教育委員会 令和6年度公立高等学校一般入学者選抜等志願者確定数一覧＜その1〜6＞（掛-1・chiba横展開R6完結・全日制のみ収録）,2026-08-08
chiba,千葉県,市川工業,,機械科,令和6年度（2024年度）,80,50,0.63,https://www.pref.chiba.lg.jp/kyouiku/shidou/press/2023/koukou/documents/r60216ippan.pdf,千葉県教育委員会 令和6年度公立高等学校一般入学者選抜等志願者確定数一覧＜その1〜6＞（掛-1・chiba横展開R6完結・全日制のみ収録）,2026-08-08
chiba,千葉県,市川工業,,電気科,令和6年度（2024年度）,80,69,0.86,https://www.pref.chiba.lg.jp/kyouiku/shidou/press/2023/koukou/documents/r60216ippan.pdf,千葉県教育委員会 令和6年度公立高等学校一般入学者選抜等志願者確定数一覧＜その1〜6＞（掛-1・chiba横展開R6完結・全日制のみ収録）,2026-08-08
chiba,千葉県,市川工業,,建築科,令和6年度（2024年度）,40,26,0.65,https://www.pref.chiba.lg.jp/kyouiku/shidou/press/2023/koukou/documents/r60216ippan.pdf,千葉県教育委員会 令和6年度公立高等学校一般入学者選抜等志願者確定数一覧＜その1〜6＞（掛-1・chiba横展開R6完結・全日制のみ収録）,2026-08-08
chiba,千葉県,市川工業,,インテリア科,令和6年度（2024年度）,40,38,0.95,https://www.pref.chiba.lg.jp/kyouiku/shidou/press/2023/koukou/documents/r60216ippan.pdf,千葉県教育委員会 令和6年度公立高等学校一般入学者選抜等志願者確定数一覧＜その1〜6＞（掛-1・chiba横展開R6完結・全日制のみ収録）,2026-08-08
chiba,千葉県,国府台,,普通科,令和6年度（2024年度）,320,390,1.22,https://www.pref.chiba.lg.jp/kyouiku/shidou/press/2023/koukou/documents/r60216ippan.pdf,千葉県教育委員会 令和6年度公立高等学校一般入学者選抜等志願者確定数一覧＜その1〜6＞（掛-1・chiba横展開R6完結・全日制のみ収録）,2026-08-08
chiba,千葉県,国分,,普通科,令和6年度（2024年度）,320,399,1.25,https://www.pref.chiba.lg.jp/kyouiku/shidou/press/2023/koukou/documents/r60216ippan.pdf,千葉県教育委員会 令和6年度公立高等学校一般入学者選抜等志願者確定数一覧＜その1〜6＞（掛-1・chiba横展開R6完結・全日制のみ収録）,2026-08-08
chiba,千葉県,行徳,,普通科,令和6年度（2024年度）,160,87,0.54,https://www.pref.chiba.lg.jp/kyouiku/shidou/press/2023/koukou/documents/r60216ippan.pdf,千葉県教育委員会 令和6年度公立高等学校一般入学者選抜等志願者確定数一覧＜その1〜6＞（掛-1・chiba横展開R6完結・全日制のみ収録）,2026-08-08
chiba,千葉県,市川東,,普通科,令和6年度（2024年度）,320,390,1.22,https://www.pref.chiba.lg.jp/kyouiku/shidou/press/2023/koukou/documents/r60216ippan.pdf,千葉県教育委員会 令和6年度公立高等学校一般入学者選抜等志願者確定数一覧＜その1〜6＞（掛-1・chiba横展開R6完結・全日制のみ収録）,2026-08-08
chiba,千葉県,市川昴,,普通科,令和6年度（2024年度）,320,382,1.19,https://www.pref.chiba.lg.jp/kyouiku/shidou/press/2023/koukou/documents/r60216ippan.pdf,千葉県教育委員会 令和6年度公立高等学校一般入学者選抜等志願者確定数一覧＜その1〜6＞（掛-1・chiba横展開R6完結・全日制のみ収録）,2026-08-08
chiba,千葉県,市川南,,普通科,令和6年度（2024年度）,280,264,0.94,https://www.pref.chiba.lg.jp/kyouiku/shidou/press/2023/koukou/documents/r60216ippan.pdf,千葉県教育委員会 令和6年度公立高等学校一般入学者選抜等志願者確定数一覧＜その1〜6＞（掛-1・chiba横展開R6完結・全日制のみ収録）,2026-08-08
chiba,千葉県,浦安,,普通科,令和6年度（2024年度）,200,183,0.92,https://www.pref.chiba.lg.jp/kyouiku/shidou/press/2023/koukou/documents/r60216ippan.pdf,千葉県教育委員会 令和6年度公立高等学校一般入学者選抜等志願者確定数一覧＜その1〜6＞（掛-1・chiba横展開R6完結・全日制のみ収録）,2026-08-08
chiba,千葉県,浦安南,,普通科,令和6年度（2024年度）,160,78,0.49,https://www.pref.chiba.lg.jp/kyouiku/shidou/press/2023/koukou/documents/r60216ippan.pdf,千葉県教育委員会 令和6年度公立高等学校一般入学者選抜等志願者確定数一覧＜その1〜6＞（掛-1・chiba横展開R6完結・全日制のみ収録）,2026-08-08
chiba,千葉県,鎌ヶ谷,,普通科,令和6年度（2024年度）,320,459,1.43,https://www.pref.chiba.lg.jp/kyouiku/shidou/press/2023/koukou/documents/r60216ippan.pdf,千葉県教育委員会 令和6年度公立高等学校一般入学者選抜等志願者確定数一覧＜その1〜6＞（掛-1・chiba横展開R6完結・全日制のみ収録）,2026-08-08
chiba,千葉県,鎌ヶ谷西,,普通科,令和6年度（2024年度）,200,142,0.71,https://www.pref.chiba.lg.jp/kyouiku/shidou/press/2023/koukou/documents/r60216ippan.pdf,千葉県教育委員会 令和6年度公立高等学校一般入学者選抜等志願者確定数一覧＜その1〜6＞（掛-1・chiba横展開R6完結・全日制のみ収録）,2026-08-08
chiba,千葉県,松戸,,普通科,令和6年度（2024年度）,200,228,1.14,https://www.pref.chiba.lg.jp/kyouiku/shidou/press/2023/koukou/documents/r60216ippan.pdf,千葉県教育委員会 令和6年度公立高等学校一般入学者選抜等志願者確定数一覧＜その1〜6＞（掛-1・chiba横展開R6完結・全日制のみ収録）,2026-08-08
chiba,千葉県,松戸,,芸術科,令和6年度（2024年度）,40,45,1.13,https://www.pref.chiba.lg.jp/kyouiku/shidou/press/2023/koukou/documents/r60216ippan.pdf,千葉県教育委員会 令和6年度公立高等学校一般入学者選抜等志願者確定数一覧＜その1〜6＞（掛-1・chiba横展開R6完結・全日制のみ収録）,2026-08-08
chiba,千葉県,小金,,総合学科,令和6年度（2024年度）,320,523,1.63,https://www.pref.chiba.lg.jp/kyouiku/shidou/press/2023/koukou/documents/r60216ippan.pdf,千葉県教育委員会 令和6年度公立高等学校一般入学者選抜等志願者確定数一覧＜その1〜6＞（掛-1・chiba横展開R6完結・全日制のみ収録）,2026-08-08
chiba,千葉県,松戸国際,,普通科,令和6年度（2024年度）,200,279,1.4,https://www.pref.chiba.lg.jp/kyouiku/shidou/press/2023/koukou/documents/r60216ippan.pdf,千葉県教育委員会 令和6年度公立高等学校一般入学者選抜等志願者確定数一覧＜その1〜6＞（掛-1・chiba横展開R6完結・全日制のみ収録）,2026-08-08
chiba,千葉県,松戸国際,,国際教養科,令和6年度（2024年度）,120,176,1.47,https://www.pref.chiba.lg.jp/kyouiku/shidou/press/2023/koukou/documents/r60216ippan.pdf,千葉県教育委員会 令和6年度公立高等学校一般入学者選抜等志願者確定数一覧＜その1〜6＞（掛-1・chiba横展開R6完結・全日制のみ収録）,2026-08-08
chiba,千葉県,松戸六実,,普通科,令和6年度（2024年度）,320,407,1.27,https://www.pref.chiba.lg.jp/kyouiku/shidou/press/2023/koukou/documents/r60216ippan.pdf,千葉県教育委員会 令和6年度公立高等学校一般入学者選抜等志願者確定数一覧＜その1〜6＞（掛-1・chiba横展開R6完結・全日制のみ収録）,2026-08-08
chiba,千葉県,松戸向陽,,普通科,令和6年度（2024年度）,200,211,1.06,https://www.pref.chiba.lg.jp/kyouiku/shidou/press/2023/koukou/documents/r60216ippan.pdf,千葉県教育委員会 令和6年度公立高等学校一般入学者選抜等志願者確定数一覧＜その1〜6＞（掛-1・chiba横展開R6完結・全日制のみ収録）,2026-08-08
chiba,千葉県,松戸向陽,,福祉教養科,令和6年度（2024年度）,40,35,0.88,https://www.pref.chiba.lg.jp/kyouiku/shidou/press/2023/koukou/documents/r60216ippan.pdf,千葉県教育委員会 令和6年度公立高等学校一般入学者選抜等志願者確定数一覧＜その1〜6＞（掛-1・chiba横展開R6完結・全日制のみ収録）,2026-08-08
chiba,千葉県,松戸馬橋,,普通科,令和6年度（2024年度）,320,369,1.15,https://www.pref.chiba.lg.jp/kyouiku/shidou/press/2023/koukou/documents/r60216ippan.pdf,千葉県教育委員会 令和6年度公立高等学校一般入学者選抜等志願者確定数一覧＜その1〜6＞（掛-1・chiba横展開R6完結・全日制のみ収録）,2026-08-08
chiba,千葉県,東葛飾,,普通科,令和6年度（2024年度）,240,466,1.94,https://www.pref.chiba.lg.jp/kyouiku/shidou/press/2023/koukou/documents/r60216ippan.pdf,千葉県教育委員会 令和6年度公立高等学校一般入学者選抜等志願者確定数一覧＜その1〜6＞（掛-1・chiba横展開R6完結・全日制のみ収録）,2026-08-08
chiba,千葉県,柏,,普通科,令和6年度（2024年度）,280,360,1.29,https://www.pref.chiba.lg.jp/kyouiku/shidou/press/2023/koukou/documents/r60216ippan.pdf,千葉県教育委員会 令和6年度公立高等学校一般入学者選抜等志願者確定数一覧＜その1〜6＞（掛-1・chiba横展開R6完結・全日制のみ収録）,2026-08-08
chiba,千葉県,柏,,理数科,令和6年度（2024年度）,40,65,1.63,https://www.pref.chiba.lg.jp/kyouiku/shidou/press/2023/koukou/documents/r60216ippan.pdf,千葉県教育委員会 令和6年度公立高等学校一般入学者選抜等志願者確定数一覧＜その1〜6＞（掛-1・chiba横展開R6完結・全日制のみ収録）,2026-08-08
chiba,千葉県,柏南,,普通科,令和6年度（2024年度）,360,551,1.53,https://www.pref.chiba.lg.jp/kyouiku/shidou/press/2023/koukou/documents/r60216ippan.pdf,千葉県教育委員会 令和6年度公立高等学校一般入学者選抜等志願者確定数一覧＜その1〜6＞（掛-1・chiba横展開R6完結・全日制のみ収録）,2026-08-08
chiba,千葉県,柏陵,,普通科,令和6年度（2024年度）,320,409,1.28,https://www.pref.chiba.lg.jp/kyouiku/shidou/press/2023/koukou/documents/r60216ippan.pdf,千葉県教育委員会 令和6年度公立高等学校一般入学者選抜等志願者確定数一覧＜その1〜6＞（掛-1・chiba横展開R6完結・全日制のみ収録）,2026-08-08
chiba,千葉県,柏の葉,,普通科,令和6年度（2024年度）,240,355,1.48,https://www.pref.chiba.lg.jp/kyouiku/shidou/press/2023/koukou/documents/r60216ippan.pdf,千葉県教育委員会 令和6年度公立高等学校一般入学者選抜等志願者確定数一覧＜その1〜6＞（掛-1・chiba横展開R6完結・全日制のみ収録）,2026-08-08
chiba,千葉県,柏の葉,,情報理数科,令和6年度（2024年度）,40,65,1.63,https://www.pref.chiba.lg.jp/kyouiku/shidou/press/2023/koukou/documents/r60216ippan.pdf,千葉県教育委員会 令和6年度公立高等学校一般入学者選抜等志願者確定数一覧＜その1〜6＞（掛-1・chiba横展開R6完結・全日制のみ収録）,2026-08-08
chiba,千葉県,柏中央,,普通科,令和6年度（2024年度）,320,425,1.33,https://www.pref.chiba.lg.jp/kyouiku/shidou/press/2023/koukou/documents/r60216ippan.pdf,千葉県教育委員会 令和6年度公立高等学校一般入学者選抜等志願者確定数一覧＜その1〜6＞（掛-1・chiba横展開R6完結・全日制のみ収録）,2026-08-08
chiba,千葉県,沼南,,普通科,令和6年度（2024年度）,160,70,0.44,https://www.pref.chiba.lg.jp/kyouiku/shidou/press/2023/koukou/documents/r60216ippan.pdf,千葉県教育委員会 令和6年度公立高等学校一般入学者選抜等志願者確定数一覧＜その1〜6＞（掛-1・chiba横展開R6完結・全日制のみ収録）,2026-08-08
chiba,千葉県,沼南高柳,,普通科,令和6年度（2024年度）,240,219,0.91,https://www.pref.chiba.lg.jp/kyouiku/shidou/press/2023/koukou/documents/r60216ippan.pdf,千葉県教育委員会 令和6年度公立高等学校一般入学者選抜等志願者確定数一覧＜その1〜6＞（掛-1・chiba横展開R6完結・全日制のみ収録）,2026-08-08
chiba,千葉県,流山,,園芸科,令和6年度（2024年度）,120,118,0.98,https://www.pref.chiba.lg.jp/kyouiku/shidou/press/2023/koukou/documents/r60216ippan.pdf,千葉県教育委員会 令和6年度公立高等学校一般入学者選抜等志願者確定数一覧＜その1〜6＞（掛-1・chiba横展開R6完結・全日制のみ収録）,2026-08-08
chiba,千葉県,流山,,商業科・情報処理科,令和6年度（2024年度）,80,77,0.96,https://www.pref.chiba.lg.jp/kyouiku/shidou/press/2023/koukou/documents/r60216ippan.pdf,千葉県教育委員会 令和6年度公立高等学校一般入学者選抜等志願者確定数一覧＜その1〜6＞（掛-1・chiba横展開R6完結・全日制のみ収録）,2026-08-08
chiba,千葉県,流山おおたかの森,,普通科,令和6年度（2024年度）,320,399,1.25,https://www.pref.chiba.lg.jp/kyouiku/shidou/press/2023/koukou/documents/r60216ippan.pdf,千葉県教育委員会 令和6年度公立高等学校一般入学者選抜等志願者確定数一覧＜その1〜6＞（掛-1・chiba横展開R6完結・全日制のみ収録）,2026-08-08
chiba,千葉県,流山おおたかの森,,国際コミュニケーション科,令和6年度（2024年度）,40,61,1.53,https://www.pref.chiba.lg.jp/kyouiku/shidou/press/2023/koukou/documents/r60216ippan.pdf,千葉県教育委員会 令和6年度公立高等学校一般入学者選抜等志願者確定数一覧＜その1〜6＞（掛-1・chiba横展開R6完結・全日制のみ収録）,2026-08-08
chiba,千葉県,流山南,,普通科,令和6年度（2024年度）,280,269,0.96,https://www.pref.chiba.lg.jp/kyouiku/shidou/press/2023/koukou/documents/r60216ippan.pdf,千葉県教育委員会 令和6年度公立高等学校一般入学者選抜等志願者確定数一覧＜その1〜6＞（掛-1・chiba横展開R6完結・全日制のみ収録）,2026-08-08
chiba,千葉県,流山北,,普通科,令和6年度（2024年度）,240,176,0.73,https://www.pref.chiba.lg.jp/kyouiku/shidou/press/2023/koukou/documents/r60216ippan.pdf,千葉県教育委員会 令和6年度公立高等学校一般入学者選抜等志願者確定数一覧＜その1〜6＞（掛-1・chiba横展開R6完結・全日制のみ収録）,2026-08-08
chiba,千葉県,野田中央,,普通科,令和6年度（2024年度）,320,343,1.07,https://www.pref.chiba.lg.jp/kyouiku/shidou/press/2023/koukou/documents/r60216ippan.pdf,千葉県教育委員会 令和6年度公立高等学校一般入学者選抜等志願者確定数一覧＜その1〜6＞（掛-1・chiba横展開R6完結・全日制のみ収録）,2026-08-08
chiba,千葉県,清水,,食品科学科,令和6年度（2024年度）,40,40,1,https://www.pref.chiba.lg.jp/kyouiku/shidou/press/2023/koukou/documents/r60216ippan.pdf,千葉県教育委員会 令和6年度公立高等学校一般入学者選抜等志願者確定数一覧＜その1〜6＞（掛-1・chiba横展開R6完結・全日制のみ収録）,2026-08-08
chiba,千葉県,清水,,機械科・電気科・環境化学科,令和6年度（2024年度）,120,84,0.7,https://www.pref.chiba.lg.jp/kyouiku/shidou/press/2023/koukou/documents/r60216ippan.pdf,千葉県教育委員会 令和6年度公立高等学校一般入学者選抜等志願者確定数一覧＜その1〜6＞（掛-1・chiba横展開R6完結・全日制のみ収録）,2026-08-08
chiba,千葉県,関宿,,普通科,令和6年度（2024年度）,120,34,0.28,https://www.pref.chiba.lg.jp/kyouiku/shidou/press/2023/koukou/documents/r60216ippan.pdf,千葉県教育委員会 令和6年度公立高等学校一般入学者選抜等志願者確定数一覧＜その1〜6＞（掛-1・chiba横展開R6完結・全日制のみ収録）,2026-08-08
chiba,千葉県,我孫子,,普通科,令和6年度（2024年度）,320,382,1.19,https://www.pref.chiba.lg.jp/kyouiku/shidou/press/2023/koukou/documents/r60216ippan.pdf,千葉県教育委員会 令和6年度公立高等学校一般入学者選抜等志願者確定数一覧＜その1〜6＞（掛-1・chiba横展開R6完結・全日制のみ収録）,2026-08-08
chiba,千葉県,我孫子東,,普通科,令和6年度（2024年度）,240,136,0.57,https://www.pref.chiba.lg.jp/kyouiku/shidou/press/2023/koukou/documents/r60216ippan.pdf,千葉県教育委員会 令和6年度公立高等学校一般入学者選抜等志願者確定数一覧＜その1〜6＞（掛-1・chiba横展開R6完結・全日制のみ収録）,2026-08-08
chiba,千葉県,白井,,普通科,令和6年度（2024年度）,240,314,1.31,https://www.pref.chiba.lg.jp/kyouiku/shidou/press/2023/koukou/documents/r60216ippan.pdf,千葉県教育委員会 令和6年度公立高等学校一般入学者選抜等志願者確定数一覧＜その1〜6＞（掛-1・chiba横展開R6完結・全日制のみ収録）,2026-08-08
chiba,千葉県,印旛明誠,,普通科,令和6年度（2024年度）,200,212,1.06,https://www.pref.chiba.lg.jp/kyouiku/shidou/press/2023/koukou/documents/r60216ippan.pdf,千葉県教育委員会 令和6年度公立高等学校一般入学者選抜等志願者確定数一覧＜その1〜6＞（掛-1・chiba横展開R6完結・全日制のみ収録）,2026-08-08
chiba,千葉県,成田西陵,,園芸科,令和6年度（2024年度）,80,38,0.48,https://www.pref.chiba.lg.jp/kyouiku/shidou/press/2023/koukou/documents/r60216ippan.pdf,千葉県教育委員会 令和6年度公立高等学校一般入学者選抜等志願者確定数一覧＜その1〜6＞（掛-1・chiba横展開R6完結・全日制のみ収録）,2026-08-08
chiba,千葉県,成田西陵,,土木造園科,令和6年度（2024年度）,40,17,0.43,https://www.pref.chiba.lg.jp/kyouiku/shidou/press/2023/koukou/documents/r60216ippan.pdf,千葉県教育委員会 令和6年度公立高等学校一般入学者選抜等志願者確定数一覧＜その1〜6＞（掛-1・chiba横展開R6完結・全日制のみ収録）,2026-08-08
chiba,千葉県,成田西陵,,食品科学科,令和6年度（2024年度）,40,38,0.95,https://www.pref.chiba.lg.jp/kyouiku/shidou/press/2023/koukou/documents/r60216ippan.pdf,千葉県教育委員会 令和6年度公立高等学校一般入学者選抜等志願者確定数一覧＜その1〜6＞（掛-1・chiba横展開R6完結・全日制のみ収録）,2026-08-08
chiba,千葉県,成田西陵,,情報処理科,令和6年度（2024年度）,40,40,1,https://www.pref.chiba.lg.jp/kyouiku/shidou/press/2023/koukou/documents/r60216ippan.pdf,千葉県教育委員会 令和6年度公立高等学校一般入学者選抜等志願者確定数一覧＜その1〜6＞（掛-1・chiba横展開R6完結・全日制のみ収録）,2026-08-08
chiba,千葉県,成田国際,,普通科,令和6年度（2024年度）,200,308,1.54,https://www.pref.chiba.lg.jp/kyouiku/shidou/press/2023/koukou/documents/r60216ippan.pdf,千葉県教育委員会 令和6年度公立高等学校一般入学者選抜等志願者確定数一覧＜その1〜6＞（掛-1・chiba横展開R6完結・全日制のみ収録）,2026-08-08
chiba,千葉県,成田国際,,国際科,令和6年度（2024年度）,120,175,1.46,https://www.pref.chiba.lg.jp/kyouiku/shidou/press/2023/koukou/documents/r60216ippan.pdf,千葉県教育委員会 令和6年度公立高等学校一般入学者選抜等志願者確定数一覧＜その1〜6＞（掛-1・chiba横展開R6完結・全日制のみ収録）,2026-08-08
chiba,千葉県,成田北,,普通科,令和6年度（2024年度）,280,318,1.14,https://www.pref.chiba.lg.jp/kyouiku/shidou/press/2023/koukou/documents/r60216ippan.pdf,千葉県教育委員会 令和6年度公立高等学校一般入学者選抜等志願者確定数一覧＜その1〜6＞（掛-1・chiba横展開R6完結・全日制のみ収録）,2026-08-08
chiba,千葉県,下総,,園芸科,令和6年度（2024年度）,40,11,0.28,https://www.pref.chiba.lg.jp/kyouiku/shidou/press/2023/koukou/documents/r60216ippan.pdf,千葉県教育委員会 令和6年度公立高等学校一般入学者選抜等志願者確定数一覧＜その1〜6＞（掛-1・chiba横展開R6完結・全日制のみ収録）,2026-08-08
chiba,千葉県,下総,,自動車科,令和6年度（2024年度）,40,19,0.48,https://www.pref.chiba.lg.jp/kyouiku/shidou/press/2023/koukou/documents/r60216ippan.pdf,千葉県教育委員会 令和6年度公立高等学校一般入学者選抜等志願者確定数一覧＜その1〜6＞（掛-1・chiba横展開R6完結・全日制のみ収録）,2026-08-08
chiba,千葉県,下総,,情報処理科,令和6年度（2024年度）,40,16,0.4,https://www.pref.chiba.lg.jp/kyouiku/shidou/press/2023/koukou/documents/r60216ippan.pdf,千葉県教育委員会 令和6年度公立高等学校一般入学者選抜等志願者確定数一覧＜その1〜6＞（掛-1・chiba横展開R6完結・全日制のみ収録）,2026-08-08
chiba,千葉県,富里,,普通科,令和6年度（2024年度）,200,194,0.97,https://www.pref.chiba.lg.jp/kyouiku/shidou/press/2023/koukou/documents/r60216ippan.pdf,千葉県教育委員会 令和6年度公立高等学校一般入学者選抜等志願者確定数一覧＜その1〜6＞（掛-1・chiba横展開R6完結・全日制のみ収録）,2026-08-08
chiba,千葉県,佐倉,,普通科,令和6年度（2024年度）,280,435,1.55,https://www.pref.chiba.lg.jp/kyouiku/shidou/press/2023/koukou/documents/r60216ippan.pdf,千葉県教育委員会 令和6年度公立高等学校一般入学者選抜等志願者確定数一覧＜その1〜6＞（掛-1・chiba横展開R6完結・全日制のみ収録）,2026-08-08
chiba,千葉県,佐倉,,理数科,令和6年度（2024年度）,40,68,1.7,https://www.pref.chiba.lg.jp/kyouiku/shidou/press/2023/koukou/documents/r60216ippan.pdf,千葉県教育委員会 令和6年度公立高等学校一般入学者選抜等志願者確定数一覧＜その1〜6＞（掛-1・chiba横展開R6完結・全日制のみ収録）,2026-08-08
chiba,千葉県,佐倉東,,普通科,令和6年度（2024年度）,160,139,0.87,https://www.pref.chiba.lg.jp/kyouiku/shidou/press/2023/koukou/documents/r60216ippan.pdf,千葉県教育委員会 令和6年度公立高等学校一般入学者選抜等志願者確定数一覧＜その1〜6＞（掛-1・chiba横展開R6完結・全日制のみ収録）,2026-08-08
chiba,千葉県,佐倉東,,調理国際科,令和6年度（2024年度）,40,51,1.28,https://www.pref.chiba.lg.jp/kyouiku/shidou/press/2023/koukou/documents/r60216ippan.pdf,千葉県教育委員会 令和6年度公立高等学校一般入学者選抜等志願者確定数一覧＜その1〜6＞（掛-1・chiba横展開R6完結・全日制のみ収録）,2026-08-08
chiba,千葉県,佐倉東,,服飾デザイン科,令和6年度（2024年度）,40,38,0.95,https://www.pref.chiba.lg.jp/kyouiku/shidou/press/2023/koukou/documents/r60216ippan.pdf,千葉県教育委員会 令和6年度公立高等学校一般入学者選抜等志願者確定数一覧＜その1〜6＞（掛-1・chiba横展開R6完結・全日制のみ収録）,2026-08-08
chiba,千葉県,佐倉西,,普通科,令和6年度（2024年度）,160,159,0.99,https://www.pref.chiba.lg.jp/kyouiku/shidou/press/2023/koukou/documents/r60216ippan.pdf,千葉県教育委員会 令和6年度公立高等学校一般入学者選抜等志願者確定数一覧＜その1〜6＞（掛-1・chiba横展開R6完結・全日制のみ収録）,2026-08-08
chiba,千葉県,八街,,総合学科,令和6年度（2024年度）,160,157,0.98,https://www.pref.chiba.lg.jp/kyouiku/shidou/press/2023/koukou/documents/r60216ippan.pdf,千葉県教育委員会 令和6年度公立高等学校一般入学者選抜等志願者確定数一覧＜その1〜6＞（掛-1・chiba横展開R6完結・全日制のみ収録）,2026-08-08
chiba,千葉県,四街道,,普通科,令和6年度（2024年度）,320,353,1.1,https://www.pref.chiba.lg.jp/kyouiku/shidou/press/2023/koukou/documents/r60216ippan.pdf,千葉県教育委員会 令和6年度公立高等学校一般入学者選抜等志願者確定数一覧＜その1〜6＞（掛-1・chiba横展開R6完結・全日制のみ収録）,2026-08-08
chiba,千葉県,四街道北,,普通科,令和6年度（2024年度）,240,270,1.13,https://www.pref.chiba.lg.jp/kyouiku/shidou/press/2023/koukou/documents/r60216ippan.pdf,千葉県教育委員会 令和6年度公立高等学校一般入学者選抜等志願者確定数一覧＜その1〜6＞（掛-1・chiba横展開R6完結・全日制のみ収録）,2026-08-08
chiba,千葉県,佐原,,普通科,令和6年度（2024年度）,240,254,1.06,https://www.pref.chiba.lg.jp/kyouiku/shidou/press/2023/koukou/documents/r60216ippan.pdf,千葉県教育委員会 令和6年度公立高等学校一般入学者選抜等志願者確定数一覧＜その1〜6＞（掛-1・chiba横展開R6完結・全日制のみ収録）,2026-08-08
chiba,千葉県,佐原,,理数科,令和6年度（2024年度）,40,37,0.93,https://www.pref.chiba.lg.jp/kyouiku/shidou/press/2023/koukou/documents/r60216ippan.pdf,千葉県教育委員会 令和6年度公立高等学校一般入学者選抜等志願者確定数一覧＜その1〜6＞（掛-1・chiba横展開R6完結・全日制のみ収録）,2026-08-08
chiba,千葉県,佐原白楊,,普通科,令和6年度（2024年度）,200,202,1.01,https://www.pref.chiba.lg.jp/kyouiku/shidou/press/2023/koukou/documents/r60216ippan.pdf,千葉県教育委員会 令和6年度公立高等学校一般入学者選抜等志願者確定数一覧＜その1〜6＞（掛-1・chiba横展開R6完結・全日制のみ収録）,2026-08-08
chiba,千葉県,小見川,,普通科,令和6年度（2024年度）,160,146,0.91,https://www.pref.chiba.lg.jp/kyouiku/shidou/press/2023/koukou/documents/r60216ippan.pdf,千葉県教育委員会 令和6年度公立高等学校一般入学者選抜等志願者確定数一覧＜その1〜6＞（掛-1・chiba横展開R6完結・全日制のみ収録）,2026-08-08
chiba,千葉県,多古,,普通科,令和6年度（2024年度）,80,58,0.73,https://www.pref.chiba.lg.jp/kyouiku/shidou/press/2023/koukou/documents/r60216ippan.pdf,千葉県教育委員会 令和6年度公立高等学校一般入学者選抜等志願者確定数一覧＜その1〜6＞（掛-1・chiba横展開R6完結・全日制のみ収録）,2026-08-08
chiba,千葉県,多古,,園芸科,令和6年度（2024年度）,40,20,0.5,https://www.pref.chiba.lg.jp/kyouiku/shidou/press/2023/koukou/documents/r60216ippan.pdf,千葉県教育委員会 令和6年度公立高等学校一般入学者選抜等志願者確定数一覧＜その1〜6＞（掛-1・chiba横展開R6完結・全日制のみ収録）,2026-08-08
chiba,千葉県,銚子,,普通科,令和6年度（2024年度）,160,130,0.81,https://www.pref.chiba.lg.jp/kyouiku/shidou/press/2023/koukou/documents/r60216ippan.pdf,千葉県教育委員会 令和6年度公立高等学校一般入学者選抜等志願者確定数一覧＜その1〜6＞（掛-1・chiba横展開R6完結・全日制のみ収録）,2026-08-08
chiba,千葉県,銚子商業,,商業科・情報処理科,令和6年度（2024年度）,200,203,1.02,https://www.pref.chiba.lg.jp/kyouiku/shidou/press/2023/koukou/documents/r60216ippan.pdf,千葉県教育委員会 令和6年度公立高等学校一般入学者選抜等志願者確定数一覧＜その1〜6＞（掛-1・chiba横展開R6完結・全日制のみ収録）,2026-08-08
chiba,千葉県,銚子商業,,海洋科,令和6年度（2024年度）,40,16,0.4,https://www.pref.chiba.lg.jp/kyouiku/shidou/press/2023/koukou/documents/r60216ippan.pdf,千葉県教育委員会 令和6年度公立高等学校一般入学者選抜等志願者確定数一覧＜その1〜6＞（掛-1・chiba横展開R6完結・全日制のみ収録）,2026-08-08
chiba,千葉県,旭農業,,畜産科,令和6年度（2024年度）,40,22,0.55,https://www.pref.chiba.lg.jp/kyouiku/shidou/press/2023/koukou/documents/r60216ippan.pdf,千葉県教育委員会 令和6年度公立高等学校一般入学者選抜等志願者確定数一覧＜その1〜6＞（掛-1・chiba横展開R6完結・全日制のみ収録）,2026-08-08
chiba,千葉県,旭農業,,園芸科,令和6年度（2024年度）,40,28,0.7,https://www.pref.chiba.lg.jp/kyouiku/shidou/press/2023/koukou/documents/r60216ippan.pdf,千葉県教育委員会 令和6年度公立高等学校一般入学者選抜等志願者確定数一覧＜その1〜6＞（掛-1・chiba横展開R6完結・全日制のみ収録）,2026-08-08
chiba,千葉県,旭農業,,食品科学科,令和6年度（2024年度）,40,34,0.85,https://www.pref.chiba.lg.jp/kyouiku/shidou/press/2023/koukou/documents/r60216ippan.pdf,千葉県教育委員会 令和6年度公立高等学校一般入学者選抜等志願者確定数一覧＜その1〜6＞（掛-1・chiba横展開R6完結・全日制のみ収録）,2026-08-08
chiba,千葉県,東総工業,,電子機械科,令和6年度（2024年度）,40,38,0.95,https://www.pref.chiba.lg.jp/kyouiku/shidou/press/2023/koukou/documents/r60216ippan.pdf,千葉県教育委員会 令和6年度公立高等学校一般入学者選抜等志願者確定数一覧＜その1〜6＞（掛-1・chiba横展開R6完結・全日制のみ収録）,2026-08-08
chiba,千葉県,東総工業,,電気科,令和6年度（2024年度）,40,30,0.75,https://www.pref.chiba.lg.jp/kyouiku/shidou/press/2023/koukou/documents/r60216ippan.pdf,千葉県教育委員会 令和6年度公立高等学校一般入学者選抜等志願者確定数一覧＜その1〜6＞（掛-1・chiba横展開R6完結・全日制のみ収録）,2026-08-08
chiba,千葉県,東総工業,,情報技術科,令和6年度（2024年度）,40,39,0.98,https://www.pref.chiba.lg.jp/kyouiku/shidou/press/2023/koukou/documents/r60216ippan.pdf,千葉県教育委員会 令和6年度公立高等学校一般入学者選抜等志願者確定数一覧＜その1〜6＞（掛-1・chiba横展開R6完結・全日制のみ収録）,2026-08-08
chiba,千葉県,東総工業,,建設科,令和6年度（2024年度）,40,26,0.65,https://www.pref.chiba.lg.jp/kyouiku/shidou/press/2023/koukou/documents/r60216ippan.pdf,千葉県教育委員会 令和6年度公立高等学校一般入学者選抜等志願者確定数一覧＜その1〜6＞（掛-1・chiba横展開R6完結・全日制のみ収録）,2026-08-08
chiba,千葉県,匝瑳,,総合学科,令和6年度（2024年度）,240,214,0.89,https://www.pref.chiba.lg.jp/kyouiku/shidou/press/2023/koukou/documents/r60216ippan.pdf,千葉県教育委員会 令和6年度公立高等学校一般入学者選抜等志願者確定数一覧＜その1〜6＞（掛-1・chiba横展開R6完結・全日制のみ収録）,2026-08-08
chiba,千葉県,松尾,,普通科,令和6年度（2024年度）,120,126,1.05,https://www.pref.chiba.lg.jp/kyouiku/shidou/press/2023/koukou/documents/r60216ippan.pdf,千葉県教育委員会 令和6年度公立高等学校一般入学者選抜等志願者確定数一覧＜その1〜6＞（掛-1・chiba横展開R6完結・全日制のみ収録）,2026-08-08
chiba,千葉県,成東,,普通科・理数科,令和6年度（2024年度）,240,250,1.04,https://www.pref.chiba.lg.jp/kyouiku/shidou/press/2023/koukou/documents/r60216ippan.pdf,千葉県教育委員会 令和6年度公立高等学校一般入学者選抜等志願者確定数一覧＜その1〜6＞（掛-1・chiba横展開R6完結・全日制のみ収録）,2026-08-08
chiba,千葉県,東金,,普通科,令和6年度（2024年度）,160,165,1.03,https://www.pref.chiba.lg.jp/kyouiku/shidou/press/2023/koukou/documents/r60216ippan.pdf,千葉県教育委員会 令和6年度公立高等学校一般入学者選抜等志願者確定数一覧＜その1〜6＞（掛-1・chiba横展開R6完結・全日制のみ収録）,2026-08-08
chiba,千葉県,東金,,国際教養科,令和6年度（2024年度）,40,43,1.08,https://www.pref.chiba.lg.jp/kyouiku/shidou/press/2023/koukou/documents/r60216ippan.pdf,千葉県教育委員会 令和6年度公立高等学校一般入学者選抜等志願者確定数一覧＜その1〜6＞（掛-1・chiba横展開R6完結・全日制のみ収録）,2026-08-08
chiba,千葉県,東金商業,,商業科・情報処理科,令和6年度（2024年度）,120,92,0.77,https://www.pref.chiba.lg.jp/kyouiku/shidou/press/2023/koukou/documents/r60216ippan.pdf,千葉県教育委員会 令和6年度公立高等学校一般入学者選抜等志願者確定数一覧＜その1〜6＞（掛-1・chiba横展開R6完結・全日制のみ収録）,2026-08-08
chiba,千葉県,大網,,普通科,令和6年度（2024年度）,40,32,0.8,https://www.pref.chiba.lg.jp/kyouiku/shidou/press/2023/koukou/documents/r60216ippan.pdf,千葉県教育委員会 令和6年度公立高等学校一般入学者選抜等志願者確定数一覧＜その1〜6＞（掛-1・chiba横展開R6完結・全日制のみ収録）,2026-08-08
chiba,千葉県,大網,,農業科,令和6年度（2024年度）,40,20,0.5,https://www.pref.chiba.lg.jp/kyouiku/shidou/press/2023/koukou/documents/r60216ippan.pdf,千葉県教育委員会 令和6年度公立高等学校一般入学者選抜等志願者確定数一覧＜その1〜6＞（掛-1・chiba横展開R6完結・全日制のみ収録）,2026-08-08
chiba,千葉県,大網,,食品科学科,令和6年度（2024年度）,40,35,0.88,https://www.pref.chiba.lg.jp/kyouiku/shidou/press/2023/koukou/documents/r60216ippan.pdf,千葉県教育委員会 令和6年度公立高等学校一般入学者選抜等志願者確定数一覧＜その1〜6＞（掛-1・chiba横展開R6完結・全日制のみ収録）,2026-08-08
chiba,千葉県,大網,,生物工学科,令和6年度（2024年度）,40,35,0.88,https://www.pref.chiba.lg.jp/kyouiku/shidou/press/2023/koukou/documents/r60216ippan.pdf,千葉県教育委員会 令和6年度公立高等学校一般入学者選抜等志願者確定数一覧＜その1〜6＞（掛-1・chiba横展開R6完結・全日制のみ収録）,2026-08-08
chiba,千葉県,九十九里,,普通科,令和6年度（2024年度）,120,28,0.23,https://www.pref.chiba.lg.jp/kyouiku/shidou/press/2023/koukou/documents/r60216ippan.pdf,千葉県教育委員会 令和6年度公立高等学校一般入学者選抜等志願者確定数一覧＜その1〜6＞（掛-1・chiba横展開R6完結・全日制のみ収録）,2026-08-08
chiba,千葉県,長生,,普通科・理数科,令和6年度（2024年度）,280,321,1.15,https://www.pref.chiba.lg.jp/kyouiku/shidou/press/2023/koukou/documents/r60216ippan.pdf,千葉県教育委員会 令和6年度公立高等学校一般入学者選抜等志願者確定数一覧＜その1〜6＞（掛-1・chiba横展開R6完結・全日制のみ収録）,2026-08-08
chiba,千葉県,茂原,,普通科,令和6年度（2024年度）,160,151,0.94,https://www.pref.chiba.lg.jp/kyouiku/shidou/press/2023/koukou/documents/r60216ippan.pdf,千葉県教育委員会 令和6年度公立高等学校一般入学者選抜等志願者確定数一覧＜その1〜6＞（掛-1・chiba横展開R6完結・全日制のみ収録）,2026-08-08
chiba,千葉県,茂原樟陽,,農業科,令和6年度（2024年度）,40,43,1.08,https://www.pref.chiba.lg.jp/kyouiku/shidou/press/2023/koukou/documents/r60216ippan.pdf,千葉県教育委員会 令和6年度公立高等学校一般入学者選抜等志願者確定数一覧＜その1〜6＞（掛-1・chiba横展開R6完結・全日制のみ収録）,2026-08-08
chiba,千葉県,茂原樟陽,,食品科学科,令和6年度（2024年度）,40,39,0.98,https://www.pref.chiba.lg.jp/kyouiku/shidou/press/2023/koukou/documents/r60216ippan.pdf,千葉県教育委員会 令和6年度公立高等学校一般入学者選抜等志願者確定数一覧＜その1〜6＞（掛-1・chiba横展開R6完結・全日制のみ収録）,2026-08-08
chiba,千葉県,茂原樟陽,,土木造園科,令和6年度（2024年度）,40,35,0.88,https://www.pref.chiba.lg.jp/kyouiku/shidou/press/2023/koukou/documents/r60216ippan.pdf,千葉県教育委員会 令和6年度公立高等学校一般入学者選抜等志願者確定数一覧＜その1〜6＞（掛-1・chiba横展開R6完結・全日制のみ収録）,2026-08-08
chiba,千葉県,茂原樟陽,,電子機械科,令和6年度（2024年度）,40,47,1.18,https://www.pref.chiba.lg.jp/kyouiku/shidou/press/2023/koukou/documents/r60216ippan.pdf,千葉県教育委員会 令和6年度公立高等学校一般入学者選抜等志願者確定数一覧＜その1〜6＞（掛-1・chiba横展開R6完結・全日制のみ収録）,2026-08-08
chiba,千葉県,茂原樟陽,,電気科,令和6年度（2024年度）,40,27,0.68,https://www.pref.chiba.lg.jp/kyouiku/shidou/press/2023/koukou/documents/r60216ippan.pdf,千葉県教育委員会 令和6年度公立高等学校一般入学者選抜等志願者確定数一覧＜その1〜6＞（掛-1・chiba横展開R6完結・全日制のみ収録）,2026-08-08
chiba,千葉県,茂原樟陽,,環境化学科,令和6年度（2024年度）,40,19,0.48,https://www.pref.chiba.lg.jp/kyouiku/shidou/press/2023/koukou/documents/r60216ippan.pdf,千葉県教育委員会 令和6年度公立高等学校一般入学者選抜等志願者確定数一覧＜その1〜6＞（掛-1・chiba横展開R6完結・全日制のみ収録）,2026-08-08
chiba,千葉県,一宮商業,,商業科・情報処理科,令和6年度（2024年度）,160,132,0.83,https://www.pref.chiba.lg.jp/kyouiku/shidou/press/2023/koukou/documents/r60216ippan.pdf,千葉県教育委員会 令和6年度公立高等学校一般入学者選抜等志願者確定数一覧＜その1〜6＞（掛-1・chiba横展開R6完結・全日制のみ収録）,2026-08-08
chiba,千葉県,大多喜,,普通科,令和6年度（2024年度）,160,130,0.81,https://www.pref.chiba.lg.jp/kyouiku/shidou/press/2023/koukou/documents/r60216ippan.pdf,千葉県教育委員会 令和6年度公立高等学校一般入学者選抜等志願者確定数一覧＜その1〜6＞（掛-1・chiba横展開R6完結・全日制のみ収録）,2026-08-08
chiba,千葉県,大原,,総合学科,令和6年度（2024年度）,160,98,0.61,https://www.pref.chiba.lg.jp/kyouiku/shidou/press/2023/koukou/documents/r60216ippan.pdf,千葉県教育委員会 令和6年度公立高等学校一般入学者選抜等志願者確定数一覧＜その1〜6＞（掛-1・chiba横展開R6完結・全日制のみ収録）,2026-08-08
chiba,千葉県,長狭,,普通科,令和6年度（2024年度）,160,146,0.91,https://www.pref.chiba.lg.jp/kyouiku/shidou/press/2023/koukou/documents/r60216ippan.pdf,千葉県教育委員会 令和6年度公立高等学校一般入学者選抜等志願者確定数一覧＜その1〜6＞（掛-1・chiba横展開R6完結・全日制のみ収録）,2026-08-08
chiba,千葉県,安房拓心,,総合学科,令和6年度（2024年度）,160,125,0.78,https://www.pref.chiba.lg.jp/kyouiku/shidou/press/2023/koukou/documents/r60216ippan.pdf,千葉県教育委員会 令和6年度公立高等学校一般入学者選抜等志願者確定数一覧＜その1〜6＞（掛-1・chiba横展開R6完結・全日制のみ収録）,2026-08-08
chiba,千葉県,安房,,普通科,令和6年度（2024年度）,240,238,0.99,https://www.pref.chiba.lg.jp/kyouiku/shidou/press/2023/koukou/documents/r60216ippan.pdf,千葉県教育委員会 令和6年度公立高等学校一般入学者選抜等志願者確定数一覧＜その1〜6＞（掛-1・chiba横展開R6完結・全日制のみ収録）,2026-08-08
chiba,千葉県,館山総合,,工業科,令和6年度（2024年度）,40,13,0.33,https://www.pref.chiba.lg.jp/kyouiku/shidou/press/2023/koukou/documents/r60216ippan.pdf,千葉県教育委員会 令和6年度公立高等学校一般入学者選抜等志願者確定数一覧＜その1〜6＞（掛-1・chiba横展開R6完結・全日制のみ収録）,2026-08-08
chiba,千葉県,館山総合,,商業科,令和6年度（2024年度）,40,22,0.55,https://www.pref.chiba.lg.jp/kyouiku/shidou/press/2023/koukou/documents/r60216ippan.pdf,千葉県教育委員会 令和6年度公立高等学校一般入学者選抜等志願者確定数一覧＜その1〜6＞（掛-1・chiba横展開R6完結・全日制のみ収録）,2026-08-08
chiba,千葉県,館山総合,,海洋科,令和6年度（2024年度）,40,13,0.33,https://www.pref.chiba.lg.jp/kyouiku/shidou/press/2023/koukou/documents/r60216ippan.pdf,千葉県教育委員会 令和6年度公立高等学校一般入学者選抜等志願者確定数一覧＜その1〜6＞（掛-1・chiba横展開R6完結・全日制のみ収録）,2026-08-08
chiba,千葉県,館山総合,,家政科,令和6年度（2024年度）,40,12,0.3,https://www.pref.chiba.lg.jp/kyouiku/shidou/press/2023/koukou/documents/r60216ippan.pdf,千葉県教育委員会 令和6年度公立高等学校一般入学者選抜等志願者確定数一覧＜その1〜6＞（掛-1・chiba横展開R6完結・全日制のみ収録）,2026-08-08
chiba,千葉県,天羽,,普通科,令和6年度（2024年度）,120,74,0.62,https://www.pref.chiba.lg.jp/kyouiku/shidou/press/2023/koukou/documents/r60216ippan.pdf,千葉県教育委員会 令和6年度公立高等学校一般入学者選抜等志願者確定数一覧＜その1〜6＞（掛-1・chiba横展開R6完結・全日制のみ収録）,2026-08-08
chiba,千葉県,君津商業,,商業科・情報処理科,令和6年度（2024年度）,200,172,0.86,https://www.pref.chiba.lg.jp/kyouiku/shidou/press/2023/koukou/documents/r60216ippan.pdf,千葉県教育委員会 令和6年度公立高等学校一般入学者選抜等志願者確定数一覧＜その1〜6＞（掛-1・chiba横展開R6完結・全日制のみ収録）,2026-08-08
chiba,千葉県,木更津,,普通科,令和6年度（2024年度）,280,405,1.45,https://www.pref.chiba.lg.jp/kyouiku/shidou/press/2023/koukou/documents/r60216ippan.pdf,千葉県教育委員会 令和6年度公立高等学校一般入学者選抜等志願者確定数一覧＜その1〜6＞（掛-1・chiba横展開R6完結・全日制のみ収録）,2026-08-08
chiba,千葉県,木更津,,理数科,令和6年度（2024年度）,40,56,1.4,https://www.pref.chiba.lg.jp/kyouiku/shidou/press/2023/koukou/documents/r60216ippan.pdf,千葉県教育委員会 令和6年度公立高等学校一般入学者選抜等志願者確定数一覧＜その1〜6＞（掛-1・chiba横展開R6完結・全日制のみ収録）,2026-08-08
chiba,千葉県,木更津東,,普通科,令和6年度（2024年度）,120,121,1.01,https://www.pref.chiba.lg.jp/kyouiku/shidou/press/2023/koukou/documents/r60216ippan.pdf,千葉県教育委員会 令和6年度公立高等学校一般入学者選抜等志願者確定数一覧＜その1〜6＞（掛-1・chiba横展開R6完結・全日制のみ収録）,2026-08-08
chiba,千葉県,木更津東,,家政科,令和6年度（2024年度）,40,37,0.93,https://www.pref.chiba.lg.jp/kyouiku/shidou/press/2023/koukou/documents/r60216ippan.pdf,千葉県教育委員会 令和6年度公立高等学校一般入学者選抜等志願者確定数一覧＜その1〜6＞（掛-1・chiba横展開R6完結・全日制のみ収録）,2026-08-08
chiba,千葉県,君津,,普通科,令和6年度（2024年度）,240,275,1.15,https://www.pref.chiba.lg.jp/kyouiku/shidou/press/2023/koukou/documents/r60216ippan.pdf,千葉県教育委員会 令和6年度公立高等学校一般入学者選抜等志願者確定数一覧＜その1〜6＞（掛-1・chiba横展開R6完結・全日制のみ収録）,2026-08-08
chiba,千葉県,君津,,園芸科,令和6年度（2024年度）,40,40,1,https://www.pref.chiba.lg.jp/kyouiku/shidou/press/2023/koukou/documents/r60216ippan.pdf,千葉県教育委員会 令和6年度公立高等学校一般入学者選抜等志願者確定数一覧＜その1〜6＞（掛-1・chiba横展開R6完結・全日制のみ収録）,2026-08-08
chiba,千葉県,君津青葉,,総合学科,令和6年度（2024年度）,120,60,0.5,https://www.pref.chiba.lg.jp/kyouiku/shidou/press/2023/koukou/documents/r60216ippan.pdf,千葉県教育委員会 令和6年度公立高等学校一般入学者選抜等志願者確定数一覧＜その1〜6＞（掛-1・chiba横展開R6完結・全日制のみ収録）,2026-08-08
chiba,千葉県,袖ヶ浦,,普通科,令和6年度（2024年度）,240,292,1.22,https://www.pref.chiba.lg.jp/kyouiku/shidou/press/2023/koukou/documents/r60216ippan.pdf,千葉県教育委員会 令和6年度公立高等学校一般入学者選抜等志願者確定数一覧＜その1〜6＞（掛-1・chiba横展開R6完結・全日制のみ収録）,2026-08-08
chiba,千葉県,袖ヶ浦,,情報コミュニケーション科,令和6年度（2024年度）,40,53,1.33,https://www.pref.chiba.lg.jp/kyouiku/shidou/press/2023/koukou/documents/r60216ippan.pdf,千葉県教育委員会 令和6年度公立高等学校一般入学者選抜等志願者確定数一覧＜その1〜6＞（掛-1・chiba横展開R6完結・全日制のみ収録）,2026-08-08
chiba,千葉県,市原,,普通科,令和6年度（2024年度）,80,30,0.38,https://www.pref.chiba.lg.jp/kyouiku/shidou/press/2023/koukou/documents/r60216ippan.pdf,千葉県教育委員会 令和6年度公立高等学校一般入学者選抜等志願者確定数一覧＜その1〜6＞（掛-1・chiba横展開R6完結・全日制のみ収録）,2026-08-08
chiba,千葉県,市原,,園芸科,令和6年度（2024年度）,40,20,0.5,https://www.pref.chiba.lg.jp/kyouiku/shidou/press/2023/koukou/documents/r60216ippan.pdf,千葉県教育委員会 令和6年度公立高等学校一般入学者選抜等志願者確定数一覧＜その1〜6＞（掛-1・chiba横展開R6完結・全日制のみ収録）,2026-08-08
chiba,千葉県,京葉,,普通科,令和6年度（2024年度）,120,135,1.13,https://www.pref.chiba.lg.jp/kyouiku/shidou/press/2023/koukou/documents/r60216ippan.pdf,千葉県教育委員会 令和6年度公立高等学校一般入学者選抜等志願者確定数一覧＜その1〜6＞（掛-1・chiba横展開R6完結・全日制のみ収録）,2026-08-08
chiba,千葉県,市原緑,,普通科,令和6年度（2024年度）,120,108,0.9,https://www.pref.chiba.lg.jp/kyouiku/shidou/press/2023/koukou/documents/r60216ippan.pdf,千葉県教育委員会 令和6年度公立高等学校一般入学者選抜等志願者確定数一覧＜その1〜6＞（掛-1・chiba横展開R6完結・全日制のみ収録）,2026-08-08
chiba,千葉県,姉崎,,普通科,令和6年度（2024年度）,160,164,1.03,https://www.pref.chiba.lg.jp/kyouiku/shidou/press/2023/koukou/documents/r60216ippan.pdf,千葉県教育委員会 令和6年度公立高等学校一般入学者選抜等志願者確定数一覧＜その1〜6＞（掛-1・chiba横展開R6完結・全日制のみ収録）,2026-08-08
chiba,千葉県,市原八幡,,普通科,令和6年度（2024年度）,200,210,1.05,https://www.pref.chiba.lg.jp/kyouiku/shidou/press/2023/koukou/documents/r60216ippan.pdf,千葉県教育委員会 令和6年度公立高等学校一般入学者選抜等志願者確定数一覧＜その1〜6＞（掛-1・chiba横展開R6完結・全日制のみ収録）,2026-08-08
chiba,千葉県,市立千葉,,普通科,令和6年度（2024年度）,280,425,1.52,https://www.pref.chiba.lg.jp/kyouiku/shidou/press/2023/koukou/documents/r60216ippan.pdf,千葉県教育委員会 令和6年度公立高等学校一般入学者選抜等志願者確定数一覧＜その1〜6＞（掛-1・chiba横展開R6完結・全日制のみ収録）,2026-08-08
chiba,千葉県,市立千葉,,理数科,令和6年度（2024年度）,40,71,1.78,https://www.pref.chiba.lg.jp/kyouiku/shidou/press/2023/koukou/documents/r60216ippan.pdf,千葉県教育委員会 令和6年度公立高等学校一般入学者選抜等志願者確定数一覧＜その1〜6＞（掛-1・chiba横展開R6完結・全日制のみ収録）,2026-08-08
chiba,千葉県,市立稲毛,,普通科,令和6年度（2024年度）,120,136,1.13,https://www.pref.chiba.lg.jp/kyouiku/shidou/press/2023/koukou/documents/r60216ippan.pdf,千葉県教育委員会 令和6年度公立高等学校一般入学者選抜等志願者確定数一覧＜その1〜6＞（掛-1・chiba横展開R6完結・全日制のみ収録）,2026-08-08
chiba,千葉県,市立稲毛,,国際教養科,令和6年度（2024年度）,40,56,1.4,https://www.pref.chiba.lg.jp/kyouiku/shidou/press/2023/koukou/documents/r60216ippan.pdf,千葉県教育委員会 令和6年度公立高等学校一般入学者選抜等志願者確定数一覧＜その1〜6＞（掛-1・chiba横展開R6完結・全日制のみ収録）,2026-08-08
chiba,千葉県,市立習志野,,普通科,令和6年度（2024年度）,240,293,1.22,https://www.pref.chiba.lg.jp/kyouiku/shidou/press/2023/koukou/documents/r60216ippan.pdf,千葉県教育委員会 令和6年度公立高等学校一般入学者選抜等志願者確定数一覧＜その1〜6＞（掛-1・chiba横展開R6完結・全日制のみ収録）,2026-08-08
chiba,千葉県,市立習志野,,商業科,令和6年度（2024年度）,80,121,1.51,https://www.pref.chiba.lg.jp/kyouiku/shidou/press/2023/koukou/documents/r60216ippan.pdf,千葉県教育委員会 令和6年度公立高等学校一般入学者選抜等志願者確定数一覧＜その1〜6＞（掛-1・chiba横展開R6完結・全日制のみ収録）,2026-08-08
chiba,千葉県,市立船橋,,普通科,令和6年度（2024年度）,240,286,1.19,https://www.pref.chiba.lg.jp/kyouiku/shidou/press/2023/koukou/documents/r60216ippan.pdf,千葉県教育委員会 令和6年度公立高等学校一般入学者選抜等志願者確定数一覧＜その1〜6＞（掛-1・chiba横展開R6完結・全日制のみ収録）,2026-08-08
chiba,千葉県,市立船橋,,商業科,令和6年度（2024年度）,80,107,1.34,https://www.pref.chiba.lg.jp/kyouiku/shidou/press/2023/koukou/documents/r60216ippan.pdf,千葉県教育委員会 令和6年度公立高等学校一般入学者選抜等志願者確定数一覧＜その1〜6＞（掛-1・chiba横展開R6完結・全日制のみ収録）,2026-08-08
chiba,千葉県,市立船橋,,体育科,令和6年度（2024年度）,80,82,1.03,https://www.pref.chiba.lg.jp/kyouiku/shidou/press/2023/koukou/documents/r60216ippan.pdf,千葉県教育委員会 令和6年度公立高等学校一般入学者選抜等志願者確定数一覧＜その1〜6＞（掛-1・chiba横展開R6完結・全日制のみ収録）,2026-08-08
chiba,千葉県,市立松戸,,普通科,令和6年度（2024年度）,280,457,1.63,https://www.pref.chiba.lg.jp/kyouiku/shidou/press/2023/koukou/documents/r60216ippan.pdf,千葉県教育委員会 令和6年度公立高等学校一般入学者選抜等志願者確定数一覧＜その1〜6＞（掛-1・chiba横展開R6完結・全日制のみ収録）,2026-08-08
chiba,千葉県,市立松戸,,国際人文科,令和6年度（2024年度）,40,61,1.53,https://www.pref.chiba.lg.jp/kyouiku/shidou/press/2023/koukou/documents/r60216ippan.pdf,千葉県教育委員会 令和6年度公立高等学校一般入学者選抜等志願者確定数一覧＜その1〜6＞（掛-1・chiba横展開R6完結・全日制のみ収録）,2026-08-08
chiba,千葉県,市立柏,,普通科,令和6年度（2024年度）,280,348,1.24,https://www.pref.chiba.lg.jp/kyouiku/shidou/press/2023/koukou/documents/r60216ippan.pdf,千葉県教育委員会 令和6年度公立高等学校一般入学者選抜等志願者確定数一覧＜その1〜6＞（掛-1・chiba横展開R6完結・全日制のみ収録）,2026-08-08
chiba,千葉県,市立柏,,スポーツ科学科,令和6年度（2024年度）,40,42,1.05,https://www.pref.chiba.lg.jp/kyouiku/shidou/press/2023/koukou/documents/r60216ippan.pdf,千葉県教育委員会 令和6年度公立高等学校一般入学者選抜等志願者確定数一覧＜その1〜6＞（掛-1・chiba横展開R6完結・全日制のみ収録）,2026-08-08
chiba,千葉県,市立銚子,,普通科・理数科,令和6年度（2024年度）,240,255,1.06,https://www.pref.chiba.lg.jp/kyouiku/shidou/press/2023/koukou/documents/r60216ippan.pdf,千葉県教育委員会 令和6年度公立高等学校一般入学者選抜等志願者確定数一覧＜その1〜6＞（掛-1・chiba横展開R6完結・全日制のみ収録）,2026-08-08
chiba,千葉県,千葉,,普通科,令和5年度（2023年度）,240,380,1.58,https://www.pref.chiba.lg.jp/kyouiku/shidou/press/2022/koukou/documents/ippan.pdf,千葉県教育委員会 令和5年度公立高等学校一般入学者選抜等志願者確定数一覧＜その1〜6＞（掛-1・chiba横展開R5追加・全日制のみ収録）,2026-08-21
chiba,千葉県,千葉女子,,普通科,令和5年度（2023年度）,240,347,1.45,https://www.pref.chiba.lg.jp/kyouiku/shidou/press/2022/koukou/documents/ippan.pdf,千葉県教育委員会 令和5年度公立高等学校一般入学者選抜等志願者確定数一覧＜その1〜6＞（掛-1・chiba横展開R5追加・全日制のみ収録）,2026-08-21
chiba,千葉県,千葉女子,,家政科,令和5年度（2023年度）,40,57,1.43,https://www.pref.chiba.lg.jp/kyouiku/shidou/press/2022/koukou/documents/ippan.pdf,千葉県教育委員会 令和5年度公立高等学校一般入学者選抜等志願者確定数一覧＜その1〜6＞（掛-1・chiba横展開R5追加・全日制のみ収録）,2026-08-21
chiba,千葉県,千葉東,,普通科,令和5年度（2023年度）,320,429,1.34,https://www.pref.chiba.lg.jp/kyouiku/shidou/press/2022/koukou/documents/ippan.pdf,千葉県教育委員会 令和5年度公立高等学校一般入学者選抜等志願者確定数一覧＜その1〜6＞（掛-1・chiba横展開R5追加・全日制のみ収録）,2026-08-21
chiba,千葉県,千葉商業,,商業科・情報処理科,令和5年度（2023年度）,320,382,1.19,https://www.pref.chiba.lg.jp/kyouiku/shidou/press/2022/koukou/documents/ippan.pdf,千葉県教育委員会 令和5年度公立高等学校一般入学者選抜等志願者確定数一覧＜その1〜6＞（掛-1・chiba横展開R5追加・全日制のみ収録）,2026-08-21
chiba,千葉県,京葉工業,,機械科,令和5年度（2023年度）,80,68,0.85,https://www.pref.chiba.lg.jp/kyouiku/shidou/press/2022/koukou/documents/ippan.pdf,千葉県教育委員会 令和5年度公立高等学校一般入学者選抜等志願者確定数一覧＜その1〜6＞（掛-1・chiba横展開R5追加・全日制のみ収録）,2026-08-21
chiba,千葉県,京葉工業,,電子工業科,令和5年度（2023年度）,80,65,0.81,https://www.pref.chiba.lg.jp/kyouiku/shidou/press/2022/koukou/documents/ippan.pdf,千葉県教育委員会 令和5年度公立高等学校一般入学者選抜等志願者確定数一覧＜その1〜6＞（掛-1・chiba横展開R5追加・全日制のみ収録）,2026-08-21
chiba,千葉県,京葉工業,,設備システム科,令和5年度（2023年度）,40,30,0.75,https://www.pref.chiba.lg.jp/kyouiku/shidou/press/2022/koukou/documents/ippan.pdf,千葉県教育委員会 令和5年度公立高等学校一般入学者選抜等志願者確定数一覧＜その1〜6＞（掛-1・chiba横展開R5追加・全日制のみ収録）,2026-08-21
chiba,千葉県,京葉工業,,建設科,令和5年度（2023年度）,40,34,0.85,https://www.pref.chiba.lg.jp/kyouiku/shidou/press/2022/koukou/documents/ippan.pdf,千葉県教育委員会 令和5年度公立高等学校一般入学者選抜等志願者確定数一覧＜その1〜6＞（掛-1・chiba横展開R5追加・全日制のみ収録）,2026-08-21
chiba,千葉県,千葉工業,,電子機械科,令和5年度（2023年度）,80,71,0.89,https://www.pref.chiba.lg.jp/kyouiku/shidou/press/2022/koukou/documents/ippan.pdf,千葉県教育委員会 令和5年度公立高等学校一般入学者選抜等志願者確定数一覧＜その1〜6＞（掛-1・chiba横展開R5追加・全日制のみ収録）,2026-08-21
chiba,千葉県,千葉工業,,電気科,令和5年度（2023年度）,40,40,1,https://www.pref.chiba.lg.jp/kyouiku/shidou/press/2022/koukou/documents/ippan.pdf,千葉県教育委員会 令和5年度公立高等学校一般入学者選抜等志願者確定数一覧＜その1〜6＞（掛-1・chiba横展開R5追加・全日制のみ収録）,2026-08-21
chiba,千葉県,千葉工業,,情報技術科,令和5年度（2023年度）,40,35,0.88,https://www.pref.chiba.lg.jp/kyouiku/shidou/press/2022/koukou/documents/ippan.pdf,千葉県教育委員会 令和5年度公立高等学校一般入学者選抜等志願者確定数一覧＜その1〜6＞（掛-1・chiba横展開R5追加・全日制のみ収録）,2026-08-21
chiba,千葉県,千葉工業,,工業化学科,令和5年度（2023年度）,40,22,0.55,https://www.pref.chiba.lg.jp/kyouiku/shidou/press/2022/koukou/documents/ippan.pdf,千葉県教育委員会 令和5年度公立高等学校一般入学者選抜等志願者確定数一覧＜その1〜6＞（掛-1・chiba横展開R5追加・全日制のみ収録）,2026-08-21
chiba,千葉県,千葉工業,,理数工学科,令和5年度（2023年度）,40,35,0.88,https://www.pref.chiba.lg.jp/kyouiku/shidou/press/2022/koukou/documents/ippan.pdf,千葉県教育委員会 令和5年度公立高等学校一般入学者選抜等志願者確定数一覧＜その1〜6＞（掛-1・chiba横展開R5追加・全日制のみ収録）,2026-08-21
chiba,千葉県,千葉南,,普通科,令和5年度（2023年度）,320,413,1.29,https://www.pref.chiba.lg.jp/kyouiku/shidou/press/2022/koukou/documents/ippan.pdf,千葉県教育委員会 令和5年度公立高等学校一般入学者選抜等志願者確定数一覧＜その1〜6＞（掛-1・chiba横展開R5追加・全日制のみ収録）,2026-08-21
chiba,千葉県,検見川,,普通科,令和5年度（2023年度）,320,442,1.38,https://www.pref.chiba.lg.jp/kyouiku/shidou/press/2022/koukou/documents/ippan.pdf,千葉県教育委員会 令和5年度公立高等学校一般入学者選抜等志願者確定数一覧＜その1〜6＞（掛-1・chiba横展開R5追加・全日制のみ収録）,2026-08-21
chiba,千葉県,千葉北,,普通科,令和5年度（2023年度）,320,349,1.09,https://www.pref.chiba.lg.jp/kyouiku/shidou/press/2022/koukou/documents/ippan.pdf,千葉県教育委員会 令和5年度公立高等学校一般入学者選抜等志願者確定数一覧＜その1〜6＞（掛-1・chiba横展開R5追加・全日制のみ収録）,2026-08-21
chiba,千葉県,若松,,普通科,令和5年度（2023年度）,320,443,1.38,https://www.pref.chiba.lg.jp/kyouiku/shidou/press/2022/koukou/documents/ippan.pdf,千葉県教育委員会 令和5年度公立高等学校一般入学者選抜等志願者確定数一覧＜その1〜6＞（掛-1・chiba横展開R5追加・全日制のみ収録）,2026-08-21
chiba,千葉県,千城台,,普通科,令和5年度（2023年度）,320,378,1.18,https://www.pref.chiba.lg.jp/kyouiku/shidou/press/2022/koukou/documents/ippan.pdf,千葉県教育委員会 令和5年度公立高等学校一般入学者選抜等志願者確定数一覧＜その1〜6＞（掛-1・chiba横展開R5追加・全日制のみ収録）,2026-08-21
chiba,千葉県,生浜,,普通科,令和5年度（2023年度）,80,87,1.09,https://www.pref.chiba.lg.jp/kyouiku/shidou/press/2022/koukou/documents/ippan.pdf,千葉県教育委員会 令和5年度公立高等学校一般入学者選抜等志願者確定数一覧＜その1〜6＞（掛-1・chiba横展開R5追加・全日制のみ収録）,2026-08-21
chiba,千葉県,磯辺,,普通科,令和5年度（2023年度）,320,411,1.28,https://www.pref.chiba.lg.jp/kyouiku/shidou/press/2022/koukou/documents/ippan.pdf,千葉県教育委員会 令和5年度公立高等学校一般入学者選抜等志願者確定数一覧＜その1〜6＞（掛-1・chiba横展開R5追加・全日制のみ収録）,2026-08-21
chiba,千葉県,泉,,普通科,令和5年度（2023年度）,160,120,0.75,https://www.pref.chiba.lg.jp/kyouiku/shidou/press/2022/koukou/documents/ippan.pdf,千葉県教育委員会 令和5年度公立高等学校一般入学者選抜等志願者確定数一覧＜その1〜6＞（掛-1・chiba横展開R5追加・全日制のみ収録）,2026-08-21
chiba,千葉県,幕張総合,,総合学科,令和5年度（2023年度）,680,1077,1.58,https://www.pref.chiba.lg.jp/kyouiku/shidou/press/2022/koukou/documents/ippan.pdf,千葉県教育委員会 令和5年度公立高等学校一般入学者選抜等志願者確定数一覧＜その1〜6＞（掛-1・chiba横展開R5追加・全日制のみ収録）,2026-08-21
chiba,千葉県,幕張総合,,看護科,令和5年度（2023年度）,40,59,1.48,https://www.pref.chiba.lg.jp/kyouiku/shidou/press/2022/koukou/documents/ippan.pdf,千葉県教育委員会 令和5年度公立高等学校一般入学者選抜等志願者確定数一覧＜その1〜6＞（掛-1・chiba横展開R5追加・全日制のみ収録）,2026-08-21
chiba,千葉県,柏井,,普通科,令和5年度（2023年度）,240,267,1.11,https://www.pref.chiba.lg.jp/kyouiku/shidou/press/2022/koukou/documents/ippan.pdf,千葉県教育委員会 令和5年度公立高等学校一般入学者選抜等志願者確定数一覧＜その1〜6＞（掛-1・chiba横展開R5追加・全日制のみ収録）,2026-08-21
chiba,千葉県,土気,,普通科,令和5年度（2023年度）,280,295,1.05,https://www.pref.chiba.lg.jp/kyouiku/shidou/press/2022/koukou/documents/ippan.pdf,千葉県教育委員会 令和5年度公立高等学校一般入学者選抜等志願者確定数一覧＜その1〜6＞（掛-1・chiba横展開R5追加・全日制のみ収録）,2026-08-21
chiba,千葉県,千葉西,,普通科,令和5年度（2023年度）,320,381,1.19,https://www.pref.chiba.lg.jp/kyouiku/shidou/press/2022/koukou/documents/ippan.pdf,千葉県教育委員会 令和5年度公立高等学校一般入学者選抜等志願者確定数一覧＜その1〜6＞（掛-1・chiba横展開R5追加・全日制のみ収録）,2026-08-21
chiba,千葉県,犢橋,,普通科,令和5年度（2023年度）,240,237,0.99,https://www.pref.chiba.lg.jp/kyouiku/shidou/press/2022/koukou/documents/ippan.pdf,千葉県教育委員会 令和5年度公立高等学校一般入学者選抜等志願者確定数一覧＜その1〜6＞（掛-1・chiba横展開R5追加・全日制のみ収録）,2026-08-21
chiba,千葉県,八千代,,普通科,令和5年度（2023年度）,240,334,1.39,https://www.pref.chiba.lg.jp/kyouiku/shidou/press/2022/koukou/documents/ippan.pdf,千葉県教育委員会 令和5年度公立高等学校一般入学者選抜等志願者確定数一覧＜その1〜6＞（掛-1・chiba横展開R5追加・全日制のみ収録）,2026-08-21
chiba,千葉県,八千代,,家政科,令和5年度（2023年度）,40,45,1.13,https://www.pref.chiba.lg.jp/kyouiku/shidou/press/2022/koukou/documents/ippan.pdf,千葉県教育委員会 令和5年度公立高等学校一般入学者選抜等志願者確定数一覧＜その1〜6＞（掛-1・chiba横展開R5追加・全日制のみ収録）,2026-08-21
chiba,千葉県,八千代,,体育科,令和5年度（2023年度）,40,43,1.08,https://www.pref.chiba.lg.jp/kyouiku/shidou/press/2022/koukou/documents/ippan.pdf,千葉県教育委員会 令和5年度公立高等学校一般入学者選抜等志願者確定数一覧＜その1〜6＞（掛-1・chiba横展開R5追加・全日制のみ収録）,2026-08-21
chiba,千葉県,八千代東,,普通科,令和5年度（2023年度）,320,279,0.87,https://www.pref.chiba.lg.jp/kyouiku/shidou/press/2022/koukou/documents/ippan.pdf,千葉県教育委員会 令和5年度公立高等学校一般入学者選抜等志願者確定数一覧＜その1〜6＞（掛-1・chiba横展開R5追加・全日制のみ収録）,2026-08-21
chiba,千葉県,八千代西,,普通科,令和5年度（2023年度）,200,123,0.62,https://www.pref.chiba.lg.jp/kyouiku/shidou/press/2022/koukou/documents/ippan.pdf,千葉県教育委員会 令和5年度公立高等学校一般入学者選抜等志願者確定数一覧＜その1〜6＞（掛-1・chiba横展開R5追加・全日制のみ収録）,2026-08-21
chiba,千葉県,津田沼,,普通科,令和5年度（2023年度）,320,462,1.44,https://www.pref.chiba.lg.jp/kyouiku/shidou/press/2022/koukou/documents/ippan.pdf,千葉県教育委員会 令和5年度公立高等学校一般入学者選抜等志願者確定数一覧＜その1〜6＞（掛-1・chiba横展開R5追加・全日制のみ収録）,2026-08-21
chiba,千葉県,実籾,,普通科,令和5年度（2023年度）,320,380,1.19,https://www.pref.chiba.lg.jp/kyouiku/shidou/press/2022/koukou/documents/ippan.pdf,千葉県教育委員会 令和5年度公立高等学校一般入学者選抜等志願者確定数一覧＜その1〜6＞（掛-1・chiba横展開R5追加・全日制のみ収録）,2026-08-21
chiba,千葉県,船橋,,普通科,令和5年度（2023年度）,320,569,1.78,https://www.pref.chiba.lg.jp/kyouiku/shidou/press/2022/koukou/documents/ippan.pdf,千葉県教育委員会 令和5年度公立高等学校一般入学者選抜等志願者確定数一覧＜その1〜6＞（掛-1・chiba横展開R5追加・全日制のみ収録）,2026-08-21
chiba,千葉県,船橋,,理数科,令和5年度（2023年度）,40,67,1.68,https://www.pref.chiba.lg.jp/kyouiku/shidou/press/2022/koukou/documents/ippan.pdf,千葉県教育委員会 令和5年度公立高等学校一般入学者選抜等志願者確定数一覧＜その1〜6＞（掛-1・chiba横展開R5追加・全日制のみ収録）,2026-08-21
chiba,千葉県,薬園台,,普通科,令和5年度（2023年度）,280,409,1.46,https://www.pref.chiba.lg.jp/kyouiku/shidou/press/2022/koukou/documents/ippan.pdf,千葉県教育委員会 令和5年度公立高等学校一般入学者選抜等志願者確定数一覧＜その1〜6＞（掛-1・chiba横展開R5追加・全日制のみ収録）,2026-08-21
chiba,千葉県,薬園台,,園芸科,令和5年度（2023年度）,40,48,1.2,https://www.pref.chiba.lg.jp/kyouiku/shidou/press/2022/koukou/documents/ippan.pdf,千葉県教育委員会 令和5年度公立高等学校一般入学者選抜等志願者確定数一覧＜その1〜6＞（掛-1・chiba横展開R5追加・全日制のみ収録）,2026-08-21
chiba,千葉県,船橋東,,普通科,令和5年度（2023年度）,320,500,1.56,https://www.pref.chiba.lg.jp/kyouiku/shidou/press/2022/koukou/documents/ippan.pdf,千葉県教育委員会 令和5年度公立高等学校一般入学者選抜等志願者確定数一覧＜その1〜6＞（掛-1・chiba横展開R5追加・全日制のみ収録）,2026-08-21
chiba,千葉県,船橋啓明,,普通科,令和5年度（2023年度）,320,329,1.03,https://www.pref.chiba.lg.jp/kyouiku/shidou/press/2022/koukou/documents/ippan.pdf,千葉県教育委員会 令和5年度公立高等学校一般入学者選抜等志願者確定数一覧＜その1〜6＞（掛-1・chiba横展開R5追加・全日制のみ収録）,2026-08-21
chiba,千葉県,船橋芝山,,普通科,令和5年度（2023年度）,320,380,1.19,https://www.pref.chiba.lg.jp/kyouiku/shidou/press/2022/koukou/documents/ippan.pdf,千葉県教育委員会 令和5年度公立高等学校一般入学者選抜等志願者確定数一覧＜その1〜6＞（掛-1・chiba横展開R5追加・全日制のみ収録）,2026-08-21
chiba,千葉県,船橋二和,,普通科,令和5年度（2023年度）,320,304,0.95,https://www.pref.chiba.lg.jp/kyouiku/shidou/press/2022/koukou/documents/ippan.pdf,千葉県教育委員会 令和5年度公立高等学校一般入学者選抜等志願者確定数一覧＜その1〜6＞（掛-1・chiba横展開R5追加・全日制のみ収録）,2026-08-21
chiba,千葉県,船橋古和釜,,普通科,令和5年度（2023年度）,240,214,0.89,https://www.pref.chiba.lg.jp/kyouiku/shidou/press/2022/koukou/documents/ippan.pdf,千葉県教育委員会 令和5年度公立高等学校一般入学者選抜等志願者確定数一覧＜その1〜6＞（掛-1・chiba横展開R5追加・全日制のみ収録）,2026-08-21
chiba,千葉県,船橋法典,,普通科,令和5年度（2023年度）,240,202,0.84,https://www.pref.chiba.lg.jp/kyouiku/shidou/press/2022/koukou/documents/ippan.pdf,千葉県教育委員会 令和5年度公立高等学校一般入学者選抜等志願者確定数一覧＜その1〜6＞（掛-1・chiba横展開R5追加・全日制のみ収録）,2026-08-21
chiba,千葉県,船橋豊富,,普通科,令和5年度（2023年度）,160,58,0.36,https://www.pref.chiba.lg.jp/kyouiku/shidou/press/2022/koukou/documents/ippan.pdf,千葉県教育委員会 令和5年度公立高等学校一般入学者選抜等志願者確定数一覧＜その1〜6＞（掛-1・chiba横展開R5追加・全日制のみ収録）,2026-08-21
chiba,千葉県,船橋北,,普通科,令和5年度（2023年度）,200,140,0.7,https://www.pref.chiba.lg.jp/kyouiku/shidou/press/2022/koukou/documents/ippan.pdf,千葉県教育委員会 令和5年度公立高等学校一般入学者選抜等志願者確定数一覧＜その1〜6＞（掛-1・chiba横展開R5追加・全日制のみ収録）,2026-08-21
chiba,千葉県,市川工業,,機械科,令和5年度（2023年度）,80,45,0.56,https://www.pref.chiba.lg.jp/kyouiku/shidou/press/2022/koukou/documents/ippan.pdf,千葉県教育委員会 令和5年度公立高等学校一般入学者選抜等志願者確定数一覧＜その1〜6＞（掛-1・chiba横展開R5追加・全日制のみ収録）,2026-08-21
chiba,千葉県,市川工業,,電気科,令和5年度（2023年度）,80,83,1.04,https://www.pref.chiba.lg.jp/kyouiku/shidou/press/2022/koukou/documents/ippan.pdf,千葉県教育委員会 令和5年度公立高等学校一般入学者選抜等志願者確定数一覧＜その1〜6＞（掛-1・chiba横展開R5追加・全日制のみ収録）,2026-08-21
chiba,千葉県,市川工業,,建築科,令和5年度（2023年度）,40,35,0.88,https://www.pref.chiba.lg.jp/kyouiku/shidou/press/2022/koukou/documents/ippan.pdf,千葉県教育委員会 令和5年度公立高等学校一般入学者選抜等志願者確定数一覧＜その1〜6＞（掛-1・chiba横展開R5追加・全日制のみ収録）,2026-08-21
chiba,千葉県,市川工業,,インテリア科,令和5年度（2023年度）,40,40,1,https://www.pref.chiba.lg.jp/kyouiku/shidou/press/2022/koukou/documents/ippan.pdf,千葉県教育委員会 令和5年度公立高等学校一般入学者選抜等志願者確定数一覧＜その1〜6＞（掛-1・chiba横展開R5追加・全日制のみ収録）,2026-08-21
chiba,千葉県,国府台,,普通科,令和5年度（2023年度）,320,395,1.23,https://www.pref.chiba.lg.jp/kyouiku/shidou/press/2022/koukou/documents/ippan.pdf,千葉県教育委員会 令和5年度公立高等学校一般入学者選抜等志願者確定数一覧＜その1〜6＞（掛-1・chiba横展開R5追加・全日制のみ収録）,2026-08-21
chiba,千葉県,国分,,普通科,令和5年度（2023年度）,320,491,1.53,https://www.pref.chiba.lg.jp/kyouiku/shidou/press/2022/koukou/documents/ippan.pdf,千葉県教育委員会 令和5年度公立高等学校一般入学者選抜等志願者確定数一覧＜その1〜6＞（掛-1・chiba横展開R5追加・全日制のみ収録）,2026-08-21
chiba,千葉県,行徳,,普通科,令和5年度（2023年度）,160,118,0.74,https://www.pref.chiba.lg.jp/kyouiku/shidou/press/2022/koukou/documents/ippan.pdf,千葉県教育委員会 令和5年度公立高等学校一般入学者選抜等志願者確定数一覧＜その1〜6＞（掛-1・chiba横展開R5追加・全日制のみ収録）,2026-08-21
chiba,千葉県,市川東,,普通科,令和5年度（2023年度）,320,438,1.37,https://www.pref.chiba.lg.jp/kyouiku/shidou/press/2022/koukou/documents/ippan.pdf,千葉県教育委員会 令和5年度公立高等学校一般入学者選抜等志願者確定数一覧＜その1〜6＞（掛-1・chiba横展開R5追加・全日制のみ収録）,2026-08-21
chiba,千葉県,市川昴,,普通科,令和5年度（2023年度）,320,422,1.32,https://www.pref.chiba.lg.jp/kyouiku/shidou/press/2022/koukou/documents/ippan.pdf,千葉県教育委員会 令和5年度公立高等学校一般入学者選抜等志願者確定数一覧＜その1〜6＞（掛-1・chiba横展開R5追加・全日制のみ収録）,2026-08-21
chiba,千葉県,市川南,,普通科,令和5年度（2023年度）,320,347,1.08,https://www.pref.chiba.lg.jp/kyouiku/shidou/press/2022/koukou/documents/ippan.pdf,千葉県教育委員会 令和5年度公立高等学校一般入学者選抜等志願者確定数一覧＜その1〜6＞（掛-1・chiba横展開R5追加・全日制のみ収録）,2026-08-21
chiba,千葉県,浦安,,普通科,令和5年度（2023年度）,200,166,0.83,https://www.pref.chiba.lg.jp/kyouiku/shidou/press/2022/koukou/documents/ippan.pdf,千葉県教育委員会 令和5年度公立高等学校一般入学者選抜等志願者確定数一覧＜その1〜6＞（掛-1・chiba横展開R5追加・全日制のみ収録）,2026-08-21
chiba,千葉県,浦安南,,普通科,令和5年度（2023年度）,160,55,0.34,https://www.pref.chiba.lg.jp/kyouiku/shidou/press/2022/koukou/documents/ippan.pdf,千葉県教育委員会 令和5年度公立高等学校一般入学者選抜等志願者確定数一覧＜その1〜6＞（掛-1・chiba横展開R5追加・全日制のみ収録）,2026-08-21
chiba,千葉県,鎌ヶ谷,,普通科,令和5年度（2023年度）,320,423,1.32,https://www.pref.chiba.lg.jp/kyouiku/shidou/press/2022/koukou/documents/ippan.pdf,千葉県教育委員会 令和5年度公立高等学校一般入学者選抜等志願者確定数一覧＜その1〜6＞（掛-1・chiba横展開R5追加・全日制のみ収録）,2026-08-21
chiba,千葉県,鎌ヶ谷西,,普通科,令和5年度（2023年度）,200,135,0.68,https://www.pref.chiba.lg.jp/kyouiku/shidou/press/2022/koukou/documents/ippan.pdf,千葉県教育委員会 令和5年度公立高等学校一般入学者選抜等志願者確定数一覧＜その1〜6＞（掛-1・chiba横展開R5追加・全日制のみ収録）,2026-08-21
chiba,千葉県,松戸,,普通科,令和5年度（2023年度）,200,270,1.35,https://www.pref.chiba.lg.jp/kyouiku/shidou/press/2022/koukou/documents/ippan.pdf,千葉県教育委員会 令和5年度公立高等学校一般入学者選抜等志願者確定数一覧＜その1〜6＞（掛-1・chiba横展開R5追加・全日制のみ収録）,2026-08-21
chiba,千葉県,松戸,,芸術科,令和5年度（2023年度）,40,49,1.23,https://www.pref.chiba.lg.jp/kyouiku/shidou/press/2022/koukou/documents/ippan.pdf,千葉県教育委員会 令和5年度公立高等学校一般入学者選抜等志願者確定数一覧＜その1〜6＞（掛-1・chiba横展開R5追加・全日制のみ収録）,2026-08-21
chiba,千葉県,小金,,総合学科,令和5年度（2023年度）,320,488,1.53,https://www.pref.chiba.lg.jp/kyouiku/shidou/press/2022/koukou/documents/ippan.pdf,千葉県教育委員会 令和5年度公立高等学校一般入学者選抜等志願者確定数一覧＜その1〜6＞（掛-1・chiba横展開R5追加・全日制のみ収録）,2026-08-21
chiba,千葉県,松戸国際,,普通科,令和5年度（2023年度）,200,306,1.53,https://www.pref.chiba.lg.jp/kyouiku/shidou/press/2022/koukou/documents/ippan.pdf,千葉県教育委員会 令和5年度公立高等学校一般入学者選抜等志願者確定数一覧＜その1〜6＞（掛-1・chiba横展開R5追加・全日制のみ収録）,2026-08-21
chiba,千葉県,松戸国際,,国際教養科,令和5年度（2023年度）,120,155,1.29,https://www.pref.chiba.lg.jp/kyouiku/shidou/press/2022/koukou/documents/ippan.pdf,千葉県教育委員会 令和5年度公立高等学校一般入学者選抜等志願者確定数一覧＜その1〜6＞（掛-1・chiba横展開R5追加・全日制のみ収録）,2026-08-21
chiba,千葉県,松戸六実,,普通科,令和5年度（2023年度）,320,365,1.14,https://www.pref.chiba.lg.jp/kyouiku/shidou/press/2022/koukou/documents/ippan.pdf,千葉県教育委員会 令和5年度公立高等学校一般入学者選抜等志願者確定数一覧＜その1〜6＞（掛-1・chiba横展開R5追加・全日制のみ収録）,2026-08-21
chiba,千葉県,松戸向陽,,普通科,令和5年度（2023年度）,200,192,0.96,https://www.pref.chiba.lg.jp/kyouiku/shidou/press/2022/koukou/documents/ippan.pdf,千葉県教育委員会 令和5年度公立高等学校一般入学者選抜等志願者確定数一覧＜その1〜6＞（掛-1・chiba横展開R5追加・全日制のみ収録）,2026-08-21
chiba,千葉県,松戸向陽,,福祉教養科,令和5年度（2023年度）,40,36,0.9,https://www.pref.chiba.lg.jp/kyouiku/shidou/press/2022/koukou/documents/ippan.pdf,千葉県教育委員会 令和5年度公立高等学校一般入学者選抜等志願者確定数一覧＜その1〜6＞（掛-1・chiba横展開R5追加・全日制のみ収録）,2026-08-21
chiba,千葉県,松戸馬橋,,普通科,令和5年度（2023年度）,320,374,1.17,https://www.pref.chiba.lg.jp/kyouiku/shidou/press/2022/koukou/documents/ippan.pdf,千葉県教育委員会 令和5年度公立高等学校一般入学者選抜等志願者確定数一覧＜その1〜6＞（掛-1・chiba横展開R5追加・全日制のみ収録）,2026-08-21
chiba,千葉県,東葛飾,,普通科,令和5年度（2023年度）,240,480,2,https://www.pref.chiba.lg.jp/kyouiku/shidou/press/2022/koukou/documents/ippan.pdf,千葉県教育委員会 令和5年度公立高等学校一般入学者選抜等志願者確定数一覧＜その1〜6＞（掛-1・chiba横展開R5追加・全日制のみ収録）,2026-08-21
chiba,千葉県,柏,,普通科,令和5年度（2023年度）,280,370,1.32,https://www.pref.chiba.lg.jp/kyouiku/shidou/press/2022/koukou/documents/ippan.pdf,千葉県教育委員会 令和5年度公立高等学校一般入学者選抜等志願者確定数一覧＜その1〜6＞（掛-1・chiba横展開R5追加・全日制のみ収録）,2026-08-21
chiba,千葉県,柏,,理数科,令和5年度（2023年度）,40,46,1.15,https://www.pref.chiba.lg.jp/kyouiku/shidou/press/2022/koukou/documents/ippan.pdf,千葉県教育委員会 令和5年度公立高等学校一般入学者選抜等志願者確定数一覧＜その1〜6＞（掛-1・chiba横展開R5追加・全日制のみ収録）,2026-08-21
chiba,千葉県,柏南,,普通科,令和5年度（2023年度）,360,516,1.43,https://www.pref.chiba.lg.jp/kyouiku/shidou/press/2022/koukou/documents/ippan.pdf,千葉県教育委員会 令和5年度公立高等学校一般入学者選抜等志願者確定数一覧＜その1〜6＞（掛-1・chiba横展開R5追加・全日制のみ収録）,2026-08-21
chiba,千葉県,柏陵,,普通科,令和5年度（2023年度）,320,367,1.15,https://www.pref.chiba.lg.jp/kyouiku/shidou/press/2022/koukou/documents/ippan.pdf,千葉県教育委員会 令和5年度公立高等学校一般入学者選抜等志願者確定数一覧＜その1〜6＞（掛-1・chiba横展開R5追加・全日制のみ収録）,2026-08-21
chiba,千葉県,柏の葉,,普通科,令和5年度（2023年度）,280,486,1.74,https://www.pref.chiba.lg.jp/kyouiku/shidou/press/2022/koukou/documents/ippan.pdf,千葉県教育委員会 令和5年度公立高等学校一般入学者選抜等志願者確定数一覧＜その1〜6＞（掛-1・chiba横展開R5追加・全日制のみ収録）,2026-08-21
chiba,千葉県,柏の葉,,情報理数科,令和5年度（2023年度）,40,59,1.48,https://www.pref.chiba.lg.jp/kyouiku/shidou/press/2022/koukou/documents/ippan.pdf,千葉県教育委員会 令和5年度公立高等学校一般入学者選抜等志願者確定数一覧＜その1〜6＞（掛-1・chiba横展開R5追加・全日制のみ収録）,2026-08-21
chiba,千葉県,柏中央,,普通科,令和5年度（2023年度）,320,370,1.16,https://www.pref.chiba.lg.jp/kyouiku/shidou/press/2022/koukou/documents/ippan.pdf,千葉県教育委員会 令和5年度公立高等学校一般入学者選抜等志願者確定数一覧＜その1〜6＞（掛-1・chiba横展開R5追加・全日制のみ収録）,2026-08-21
chiba,千葉県,沼南,,普通科,令和5年度（2023年度）,160,58,0.36,https://www.pref.chiba.lg.jp/kyouiku/shidou/press/2022/koukou/documents/ippan.pdf,千葉県教育委員会 令和5年度公立高等学校一般入学者選抜等志願者確定数一覧＜その1〜6＞（掛-1・chiba横展開R5追加・全日制のみ収録）,2026-08-21
chiba,千葉県,沼南高柳,,普通科,令和5年度（2023年度）,240,195,0.81,https://www.pref.chiba.lg.jp/kyouiku/shidou/press/2022/koukou/documents/ippan.pdf,千葉県教育委員会 令和5年度公立高等学校一般入学者選抜等志願者確定数一覧＜その1〜6＞（掛-1・chiba横展開R5追加・全日制のみ収録）,2026-08-21
chiba,千葉県,流山,,園芸科,令和5年度（2023年度）,120,109,0.91,https://www.pref.chiba.lg.jp/kyouiku/shidou/press/2022/koukou/documents/ippan.pdf,千葉県教育委員会 令和5年度公立高等学校一般入学者選抜等志願者確定数一覧＜その1〜6＞（掛-1・chiba横展開R5追加・全日制のみ収録）,2026-08-21
chiba,千葉県,流山,,商業科・情報処理科,令和5年度（2023年度）,80,81,1.01,https://www.pref.chiba.lg.jp/kyouiku/shidou/press/2022/koukou/documents/ippan.pdf,千葉県教育委員会 令和5年度公立高等学校一般入学者選抜等志願者確定数一覧＜その1〜6＞（掛-1・chiba横展開R5追加・全日制のみ収録）,2026-08-21
chiba,千葉県,流山おおたかの森,,普通科,令和5年度（2023年度）,320,486,1.52,https://www.pref.chiba.lg.jp/kyouiku/shidou/press/2022/koukou/documents/ippan.pdf,千葉県教育委員会 令和5年度公立高等学校一般入学者選抜等志願者確定数一覧＜その1〜6＞（掛-1・chiba横展開R5追加・全日制のみ収録）,2026-08-21
chiba,千葉県,流山おおたかの森,,国際コミュニケーション科,令和5年度（2023年度）,40,58,1.45,https://www.pref.chiba.lg.jp/kyouiku/shidou/press/2022/koukou/documents/ippan.pdf,千葉県教育委員会 令和5年度公立高等学校一般入学者選抜等志願者確定数一覧＜その1〜6＞（掛-1・chiba横展開R5追加・全日制のみ収録）,2026-08-21
chiba,千葉県,流山南,,普通科,令和5年度（2023年度）,280,283,1.01,https://www.pref.chiba.lg.jp/kyouiku/shidou/press/2022/koukou/documents/ippan.pdf,千葉県教育委員会 令和5年度公立高等学校一般入学者選抜等志願者確定数一覧＜その1〜6＞（掛-1・chiba横展開R5追加・全日制のみ収録）,2026-08-21
chiba,千葉県,流山北,,普通科,令和5年度（2023年度）,240,211,0.88,https://www.pref.chiba.lg.jp/kyouiku/shidou/press/2022/koukou/documents/ippan.pdf,千葉県教育委員会 令和5年度公立高等学校一般入学者選抜等志願者確定数一覧＜その1〜6＞（掛-1・chiba横展開R5追加・全日制のみ収録）,2026-08-21
chiba,千葉県,野田中央,,普通科,令和5年度（2023年度）,320,307,0.96,https://www.pref.chiba.lg.jp/kyouiku/shidou/press/2022/koukou/documents/ippan.pdf,千葉県教育委員会 令和5年度公立高等学校一般入学者選抜等志願者確定数一覧＜その1〜6＞（掛-1・chiba横展開R5追加・全日制のみ収録）,2026-08-21
chiba,千葉県,清水,,食品科学科,令和5年度（2023年度）,40,40,1,https://www.pref.chiba.lg.jp/kyouiku/shidou/press/2022/koukou/documents/ippan.pdf,千葉県教育委員会 令和5年度公立高等学校一般入学者選抜等志願者確定数一覧＜その1〜6＞（掛-1・chiba横展開R5追加・全日制のみ収録）,2026-08-21
chiba,千葉県,清水,,機械科・電気科・環境化学科,令和5年度（2023年度）,120,122,1.02,https://www.pref.chiba.lg.jp/kyouiku/shidou/press/2022/koukou/documents/ippan.pdf,千葉県教育委員会 令和5年度公立高等学校一般入学者選抜等志願者確定数一覧＜その1〜6＞（掛-1・chiba横展開R5追加・全日制のみ収録）,2026-08-21
chiba,千葉県,関宿,,普通科,令和5年度（2023年度）,120,61,0.51,https://www.pref.chiba.lg.jp/kyouiku/shidou/press/2022/koukou/documents/ippan.pdf,千葉県教育委員会 令和5年度公立高等学校一般入学者選抜等志願者確定数一覧＜その1〜6＞（掛-1・chiba横展開R5追加・全日制のみ収録）,2026-08-21
chiba,千葉県,我孫子,,普通科,令和5年度（2023年度）,320,317,0.99,https://www.pref.chiba.lg.jp/kyouiku/shidou/press/2022/koukou/documents/ippan.pdf,千葉県教育委員会 令和5年度公立高等学校一般入学者選抜等志願者確定数一覧＜その1〜6＞（掛-1・chiba横展開R5追加・全日制のみ収録）,2026-08-21
chiba,千葉県,我孫子東,,普通科,令和5年度（2023年度）,240,165,0.69,https://www.pref.chiba.lg.jp/kyouiku/shidou/press/2022/koukou/documents/ippan.pdf,千葉県教育委員会 令和5年度公立高等学校一般入学者選抜等志願者確定数一覧＜その1〜6＞（掛-1・chiba横展開R5追加・全日制のみ収録）,2026-08-21
chiba,千葉県,白井,,普通科,令和5年度（2023年度）,240,259,1.08,https://www.pref.chiba.lg.jp/kyouiku/shidou/press/2022/koukou/documents/ippan.pdf,千葉県教育委員会 令和5年度公立高等学校一般入学者選抜等志願者確定数一覧＜その1〜6＞（掛-1・chiba横展開R5追加・全日制のみ収録）,2026-08-21
chiba,千葉県,印旛明誠,,普通科,令和5年度（2023年度）,200,245,1.23,https://www.pref.chiba.lg.jp/kyouiku/shidou/press/2022/koukou/documents/ippan.pdf,千葉県教育委員会 令和5年度公立高等学校一般入学者選抜等志願者確定数一覧＜その1〜6＞（掛-1・chiba横展開R5追加・全日制のみ収録）,2026-08-21
chiba,千葉県,成田西陵,,園芸科,令和5年度（2023年度）,80,45,0.56,https://www.pref.chiba.lg.jp/kyouiku/shidou/press/2022/koukou/documents/ippan.pdf,千葉県教育委員会 令和5年度公立高等学校一般入学者選抜等志願者確定数一覧＜その1〜6＞（掛-1・chiba横展開R5追加・全日制のみ収録）,2026-08-21
chiba,千葉県,成田西陵,,土木造園科,令和5年度（2023年度）,40,20,0.5,https://www.pref.chiba.lg.jp/kyouiku/shidou/press/2022/koukou/documents/ippan.pdf,千葉県教育委員会 令和5年度公立高等学校一般入学者選抜等志願者確定数一覧＜その1〜6＞（掛-1・chiba横展開R5追加・全日制のみ収録）,2026-08-21
chiba,千葉県,成田西陵,,食品科学科,令和5年度（2023年度）,40,45,1.13,https://www.pref.chiba.lg.jp/kyouiku/shidou/press/2022/koukou/documents/ippan.pdf,千葉県教育委員会 令和5年度公立高等学校一般入学者選抜等志願者確定数一覧＜その1〜6＞（掛-1・chiba横展開R5追加・全日制のみ収録）,2026-08-21
chiba,千葉県,成田西陵,,情報処理科,令和5年度（2023年度）,40,39,0.98,https://www.pref.chiba.lg.jp/kyouiku/shidou/press/2022/koukou/documents/ippan.pdf,千葉県教育委員会 令和5年度公立高等学校一般入学者選抜等志願者確定数一覧＜その1〜6＞（掛-1・chiba横展開R5追加・全日制のみ収録）,2026-08-21
chiba,千葉県,成田国際,,普通科,令和5年度（2023年度）,200,313,1.57,https://www.pref.chiba.lg.jp/kyouiku/shidou/press/2022/koukou/documents/ippan.pdf,千葉県教育委員会 令和5年度公立高等学校一般入学者選抜等志願者確定数一覧＜その1〜6＞（掛-1・chiba横展開R5追加・全日制のみ収録）,2026-08-21
chiba,千葉県,成田国際,,国際科,令和5年度（2023年度）,120,158,1.32,https://www.pref.chiba.lg.jp/kyouiku/shidou/press/2022/koukou/documents/ippan.pdf,千葉県教育委員会 令和5年度公立高等学校一般入学者選抜等志願者確定数一覧＜その1〜6＞（掛-1・chiba横展開R5追加・全日制のみ収録）,2026-08-21
chiba,千葉県,成田北,,普通科,令和5年度（2023年度）,280,338,1.21,https://www.pref.chiba.lg.jp/kyouiku/shidou/press/2022/koukou/documents/ippan.pdf,千葉県教育委員会 令和5年度公立高等学校一般入学者選抜等志願者確定数一覧＜その1〜6＞（掛-1・chiba横展開R5追加・全日制のみ収録）,2026-08-21
chiba,千葉県,下総,,園芸科,令和5年度（2023年度）,40,19,0.48,https://www.pref.chiba.lg.jp/kyouiku/shidou/press/2022/koukou/documents/ippan.pdf,千葉県教育委員会 令和5年度公立高等学校一般入学者選抜等志願者確定数一覧＜その1〜6＞（掛-1・chiba横展開R5追加・全日制のみ収録）,2026-08-21
chiba,千葉県,下総,,自動車科,令和5年度（2023年度）,40,21,0.53,https://www.pref.chiba.lg.jp/kyouiku/shidou/press/2022/koukou/documents/ippan.pdf,千葉県教育委員会 令和5年度公立高等学校一般入学者選抜等志願者確定数一覧＜その1〜6＞（掛-1・chiba横展開R5追加・全日制のみ収録）,2026-08-21
chiba,千葉県,下総,,情報処理科,令和5年度（2023年度）,40,23,0.58,https://www.pref.chiba.lg.jp/kyouiku/shidou/press/2022/koukou/documents/ippan.pdf,千葉県教育委員会 令和5年度公立高等学校一般入学者選抜等志願者確定数一覧＜その1〜6＞（掛-1・chiba横展開R5追加・全日制のみ収録）,2026-08-21
chiba,千葉県,富里,,普通科,令和5年度（2023年度）,200,188,0.94,https://www.pref.chiba.lg.jp/kyouiku/shidou/press/2022/koukou/documents/ippan.pdf,千葉県教育委員会 令和5年度公立高等学校一般入学者選抜等志願者確定数一覧＜その1〜6＞（掛-1・chiba横展開R5追加・全日制のみ収録）,2026-08-21
chiba,千葉県,佐倉,,普通科,令和5年度（2023年度）,280,395,1.41,https://www.pref.chiba.lg.jp/kyouiku/shidou/press/2022/koukou/documents/ippan.pdf,千葉県教育委員会 令和5年度公立高等学校一般入学者選抜等志願者確定数一覧＜その1〜6＞（掛-1・chiba横展開R5追加・全日制のみ収録）,2026-08-21
chiba,千葉県,佐倉,,理数科,令和5年度（2023年度）,40,59,1.48,https://www.pref.chiba.lg.jp/kyouiku/shidou/press/2022/koukou/documents/ippan.pdf,千葉県教育委員会 令和5年度公立高等学校一般入学者選抜等志願者確定数一覧＜その1〜6＞（掛-1・chiba横展開R5追加・全日制のみ収録）,2026-08-21
chiba,千葉県,佐倉東,,普通科,令和5年度（2023年度）,160,173,1.08,https://www.pref.chiba.lg.jp/kyouiku/shidou/press/2022/koukou/documents/ippan.pdf,千葉県教育委員会 令和5年度公立高等学校一般入学者選抜等志願者確定数一覧＜その1〜6＞（掛-1・chiba横展開R5追加・全日制のみ収録）,2026-08-21
chiba,千葉県,佐倉東,,調理国際科,令和5年度（2023年度）,40,45,1.13,https://www.pref.chiba.lg.jp/kyouiku/shidou/press/2022/koukou/documents/ippan.pdf,千葉県教育委員会 令和5年度公立高等学校一般入学者選抜等志願者確定数一覧＜その1〜6＞（掛-1・chiba横展開R5追加・全日制のみ収録）,2026-08-21
chiba,千葉県,佐倉東,,服飾デザイン科,令和5年度（2023年度）,40,41,1.03,https://www.pref.chiba.lg.jp/kyouiku/shidou/press/2022/koukou/documents/ippan.pdf,千葉県教育委員会 令和5年度公立高等学校一般入学者選抜等志願者確定数一覧＜その1〜6＞（掛-1・chiba横展開R5追加・全日制のみ収録）,2026-08-21
chiba,千葉県,佐倉西,,普通科,令和5年度（2023年度）,200,188,0.94,https://www.pref.chiba.lg.jp/kyouiku/shidou/press/2022/koukou/documents/ippan.pdf,千葉県教育委員会 令和5年度公立高等学校一般入学者選抜等志願者確定数一覧＜その1〜6＞（掛-1・chiba横展開R5追加・全日制のみ収録）,2026-08-21
chiba,千葉県,八街,,総合学科,令和5年度（2023年度）,160,140,0.88,https://www.pref.chiba.lg.jp/kyouiku/shidou/press/2022/koukou/documents/ippan.pdf,千葉県教育委員会 令和5年度公立高等学校一般入学者選抜等志願者確定数一覧＜その1〜6＞（掛-1・chiba横展開R5追加・全日制のみ収録）,2026-08-21
chiba,千葉県,四街道,,普通科,令和5年度（2023年度）,320,409,1.28,https://www.pref.chiba.lg.jp/kyouiku/shidou/press/2022/koukou/documents/ippan.pdf,千葉県教育委員会 令和5年度公立高等学校一般入学者選抜等志願者確定数一覧＜その1〜6＞（掛-1・chiba横展開R5追加・全日制のみ収録）,2026-08-21
chiba,千葉県,四街道北,,普通科,令和5年度（2023年度）,240,287,1.2,https://www.pref.chiba.lg.jp/kyouiku/shidou/press/2022/koukou/documents/ippan.pdf,千葉県教育委員会 令和5年度公立高等学校一般入学者選抜等志願者確定数一覧＜その1〜6＞（掛-1・chiba横展開R5追加・全日制のみ収録）,2026-08-21
chiba,千葉県,佐原,,普通科,令和5年度（2023年度）,240,245,1.02,https://www.pref.chiba.lg.jp/kyouiku/shidou/press/2022/koukou/documents/ippan.pdf,千葉県教育委員会 令和5年度公立高等学校一般入学者選抜等志願者確定数一覧＜その1〜6＞（掛-1・chiba横展開R5追加・全日制のみ収録）,2026-08-21
chiba,千葉県,佐原,,理数科,令和5年度（2023年度）,40,27,0.68,https://www.pref.chiba.lg.jp/kyouiku/shidou/press/2022/koukou/documents/ippan.pdf,千葉県教育委員会 令和5年度公立高等学校一般入学者選抜等志願者確定数一覧＜その1〜6＞（掛-1・chiba横展開R5追加・全日制のみ収録）,2026-08-21
chiba,千葉県,佐原白楊,,普通科,令和5年度（2023年度）,200,213,1.07,https://www.pref.chiba.lg.jp/kyouiku/shidou/press/2022/koukou/documents/ippan.pdf,千葉県教育委員会 令和5年度公立高等学校一般入学者選抜等志願者確定数一覧＜その1〜6＞（掛-1・chiba横展開R5追加・全日制のみ収録）,2026-08-21
chiba,千葉県,小見川,,普通科,令和5年度（2023年度）,160,131,0.82,https://www.pref.chiba.lg.jp/kyouiku/shidou/press/2022/koukou/documents/ippan.pdf,千葉県教育委員会 令和5年度公立高等学校一般入学者選抜等志願者確定数一覧＜その1〜6＞（掛-1・chiba横展開R5追加・全日制のみ収録）,2026-08-21
chiba,千葉県,多古,,普通科,令和5年度（2023年度）,80,39,0.49,https://www.pref.chiba.lg.jp/kyouiku/shidou/press/2022/koukou/documents/ippan.pdf,千葉県教育委員会 令和5年度公立高等学校一般入学者選抜等志願者確定数一覧＜その1〜6＞（掛-1・chiba横展開R5追加・全日制のみ収録）,2026-08-21
chiba,千葉県,多古,,園芸科,令和5年度（2023年度）,40,21,0.53,https://www.pref.chiba.lg.jp/kyouiku/shidou/press/2022/koukou/documents/ippan.pdf,千葉県教育委員会 令和5年度公立高等学校一般入学者選抜等志願者確定数一覧＜その1〜6＞（掛-1・chiba横展開R5追加・全日制のみ収録）,2026-08-21
chiba,千葉県,銚子,,普通科,令和5年度（2023年度）,160,140,0.88,https://www.pref.chiba.lg.jp/kyouiku/shidou/press/2022/koukou/documents/ippan.pdf,千葉県教育委員会 令和5年度公立高等学校一般入学者選抜等志願者確定数一覧＜その1〜6＞（掛-1・chiba横展開R5追加・全日制のみ収録）,2026-08-21
chiba,千葉県,銚子商業,,商業科・情報処理科,令和5年度（2023年度）,200,190,0.95,https://www.pref.chiba.lg.jp/kyouiku/shidou/press/2022/koukou/documents/ippan.pdf,千葉県教育委員会 令和5年度公立高等学校一般入学者選抜等志願者確定数一覧＜その1〜6＞（掛-1・chiba横展開R5追加・全日制のみ収録）,2026-08-21
chiba,千葉県,銚子商業,,海洋科,令和5年度（2023年度）,40,11,0.28,https://www.pref.chiba.lg.jp/kyouiku/shidou/press/2022/koukou/documents/ippan.pdf,千葉県教育委員会 令和5年度公立高等学校一般入学者選抜等志願者確定数一覧＜その1〜6＞（掛-1・chiba横展開R5追加・全日制のみ収録）,2026-08-21
chiba,千葉県,旭農業,,畜産科,令和5年度（2023年度）,40,29,0.73,https://www.pref.chiba.lg.jp/kyouiku/shidou/press/2022/koukou/documents/ippan.pdf,千葉県教育委員会 令和5年度公立高等学校一般入学者選抜等志願者確定数一覧＜その1〜6＞（掛-1・chiba横展開R5追加・全日制のみ収録）,2026-08-21
chiba,千葉県,旭農業,,園芸科,令和5年度（2023年度）,40,45,1.13,https://www.pref.chiba.lg.jp/kyouiku/shidou/press/2022/koukou/documents/ippan.pdf,千葉県教育委員会 令和5年度公立高等学校一般入学者選抜等志願者確定数一覧＜その1〜6＞（掛-1・chiba横展開R5追加・全日制のみ収録）,2026-08-21
chiba,千葉県,旭農業,,食品科学科,令和5年度（2023年度）,40,27,0.68,https://www.pref.chiba.lg.jp/kyouiku/shidou/press/2022/koukou/documents/ippan.pdf,千葉県教育委員会 令和5年度公立高等学校一般入学者選抜等志願者確定数一覧＜その1〜6＞（掛-1・chiba横展開R5追加・全日制のみ収録）,2026-08-21
chiba,千葉県,東総工業,,電子機械科,令和5年度（2023年度）,40,45,1.13,https://www.pref.chiba.lg.jp/kyouiku/shidou/press/2022/koukou/documents/ippan.pdf,千葉県教育委員会 令和5年度公立高等学校一般入学者選抜等志願者確定数一覧＜その1〜6＞（掛-1・chiba横展開R5追加・全日制のみ収録）,2026-08-21
chiba,千葉県,東総工業,,電気科,令和5年度（2023年度）,40,30,0.75,https://www.pref.chiba.lg.jp/kyouiku/shidou/press/2022/koukou/documents/ippan.pdf,千葉県教育委員会 令和5年度公立高等学校一般入学者選抜等志願者確定数一覧＜その1〜6＞（掛-1・chiba横展開R5追加・全日制のみ収録）,2026-08-21
chiba,千葉県,東総工業,,情報技術科,令和5年度（2023年度）,40,37,0.93,https://www.pref.chiba.lg.jp/kyouiku/shidou/press/2022/koukou/documents/ippan.pdf,千葉県教育委員会 令和5年度公立高等学校一般入学者選抜等志願者確定数一覧＜その1〜6＞（掛-1・chiba横展開R5追加・全日制のみ収録）,2026-08-21
chiba,千葉県,東総工業,,建設科,令和5年度（2023年度）,40,41,1.03,https://www.pref.chiba.lg.jp/kyouiku/shidou/press/2022/koukou/documents/ippan.pdf,千葉県教育委員会 令和5年度公立高等学校一般入学者選抜等志願者確定数一覧＜その1〜6＞（掛-1・chiba横展開R5追加・全日制のみ収録）,2026-08-21
chiba,千葉県,匝瑳,,普通科,令和5年度（2023年度）,200,209,1.05,https://www.pref.chiba.lg.jp/kyouiku/shidou/press/2022/koukou/documents/ippan.pdf,千葉県教育委員会 令和5年度公立高等学校一般入学者選抜等志願者確定数一覧＜その1〜6＞（掛-1・chiba横展開R5追加・全日制のみ収録）,2026-08-21
chiba,千葉県,匝瑳,,理数科,令和5年度（2023年度）,40,9,0.23,https://www.pref.chiba.lg.jp/kyouiku/shidou/press/2022/koukou/documents/ippan.pdf,千葉県教育委員会 令和5年度公立高等学校一般入学者選抜等志願者確定数一覧＜その1〜6＞（掛-1・chiba横展開R5追加・全日制のみ収録）,2026-08-21
chiba,千葉県,松尾,,普通科,令和5年度（2023年度）,120,105,0.88,https://www.pref.chiba.lg.jp/kyouiku/shidou/press/2022/koukou/documents/ippan.pdf,千葉県教育委員会 令和5年度公立高等学校一般入学者選抜等志願者確定数一覧＜その1〜6＞（掛-1・chiba横展開R5追加・全日制のみ収録）,2026-08-21
chiba,千葉県,成東,,普通科,令和5年度（2023年度）,240,235,0.98,https://www.pref.chiba.lg.jp/kyouiku/shidou/press/2022/koukou/documents/ippan.pdf,千葉県教育委員会 令和5年度公立高等学校一般入学者選抜等志願者確定数一覧＜その1〜6＞（掛-1・chiba横展開R5追加・全日制のみ収録）,2026-08-21
chiba,千葉県,成東,,理数科,令和5年度（2023年度）,40,24,0.6,https://www.pref.chiba.lg.jp/kyouiku/shidou/press/2022/koukou/documents/ippan.pdf,千葉県教育委員会 令和5年度公立高等学校一般入学者選抜等志願者確定数一覧＜その1〜6＞（掛-1・chiba横展開R5追加・全日制のみ収録）,2026-08-21
chiba,千葉県,東金,,普通科,令和5年度（2023年度）,160,187,1.17,https://www.pref.chiba.lg.jp/kyouiku/shidou/press/2022/koukou/documents/ippan.pdf,千葉県教育委員会 令和5年度公立高等学校一般入学者選抜等志願者確定数一覧＜その1〜6＞（掛-1・chiba横展開R5追加・全日制のみ収録）,2026-08-21
chiba,千葉県,東金,,国際教養科,令和5年度（2023年度）,40,38,0.95,https://www.pref.chiba.lg.jp/kyouiku/shidou/press/2022/koukou/documents/ippan.pdf,千葉県教育委員会 令和5年度公立高等学校一般入学者選抜等志願者確定数一覧＜その1〜6＞（掛-1・chiba横展開R5追加・全日制のみ収録）,2026-08-21
chiba,千葉県,東金商業,,商業科・情報処理科,令和5年度（2023年度）,120,92,0.77,https://www.pref.chiba.lg.jp/kyouiku/shidou/press/2022/koukou/documents/ippan.pdf,千葉県教育委員会 令和5年度公立高等学校一般入学者選抜等志願者確定数一覧＜その1〜6＞（掛-1・chiba横展開R5追加・全日制のみ収録）,2026-08-21
chiba,千葉県,大網,,普通科,令和5年度（2023年度）,40,41,1.03,https://www.pref.chiba.lg.jp/kyouiku/shidou/press/2022/koukou/documents/ippan.pdf,千葉県教育委員会 令和5年度公立高等学校一般入学者選抜等志願者確定数一覧＜その1〜6＞（掛-1・chiba横展開R5追加・全日制のみ収録）,2026-08-21
chiba,千葉県,大網,,農業科,令和5年度（2023年度）,40,37,0.93,https://www.pref.chiba.lg.jp/kyouiku/shidou/press/2022/koukou/documents/ippan.pdf,千葉県教育委員会 令和5年度公立高等学校一般入学者選抜等志願者確定数一覧＜その1〜6＞（掛-1・chiba横展開R5追加・全日制のみ収録）,2026-08-21
chiba,千葉県,大網,,食品科学科,令和5年度（2023年度）,40,33,0.83,https://www.pref.chiba.lg.jp/kyouiku/shidou/press/2022/koukou/documents/ippan.pdf,千葉県教育委員会 令和5年度公立高等学校一般入学者選抜等志願者確定数一覧＜その1〜6＞（掛-1・chiba横展開R5追加・全日制のみ収録）,2026-08-21
chiba,千葉県,大網,,生物工学科,令和5年度（2023年度）,40,28,0.7,https://www.pref.chiba.lg.jp/kyouiku/shidou/press/2022/koukou/documents/ippan.pdf,千葉県教育委員会 令和5年度公立高等学校一般入学者選抜等志願者確定数一覧＜その1〜6＞（掛-1・chiba横展開R5追加・全日制のみ収録）,2026-08-21
chiba,千葉県,九十九里,,普通科,令和5年度（2023年度）,120,46,0.38,https://www.pref.chiba.lg.jp/kyouiku/shidou/press/2022/koukou/documents/ippan.pdf,千葉県教育委員会 令和5年度公立高等学校一般入学者選抜等志願者確定数一覧＜その1〜6＞（掛-1・chiba横展開R5追加・全日制のみ収録）,2026-08-21
chiba,千葉県,長生,,普通科,令和5年度（2023年度）,240,257,1.07,https://www.pref.chiba.lg.jp/kyouiku/shidou/press/2022/koukou/documents/ippan.pdf,千葉県教育委員会 令和5年度公立高等学校一般入学者選抜等志願者確定数一覧＜その1〜6＞（掛-1・chiba横展開R5追加・全日制のみ収録）,2026-08-21
chiba,千葉県,長生,,理数科,令和5年度（2023年度）,40,44,1.1,https://www.pref.chiba.lg.jp/kyouiku/shidou/press/2022/koukou/documents/ippan.pdf,千葉県教育委員会 令和5年度公立高等学校一般入学者選抜等志願者確定数一覧＜その1〜6＞（掛-1・chiba横展開R5追加・全日制のみ収録）,2026-08-21
chiba,千葉県,茂原,,普通科,令和5年度（2023年度）,160,174,1.09,https://www.pref.chiba.lg.jp/kyouiku/shidou/press/2022/koukou/documents/ippan.pdf,千葉県教育委員会 令和5年度公立高等学校一般入学者選抜等志願者確定数一覧＜その1〜6＞（掛-1・chiba横展開R5追加・全日制のみ収録）,2026-08-21
chiba,千葉県,茂原樟陽,,農業科,令和5年度（2023年度）,40,43,1.08,https://www.pref.chiba.lg.jp/kyouiku/shidou/press/2022/koukou/documents/ippan.pdf,千葉県教育委員会 令和5年度公立高等学校一般入学者選抜等志願者確定数一覧＜その1〜6＞（掛-1・chiba横展開R5追加・全日制のみ収録）,2026-08-21
chiba,千葉県,茂原樟陽,,食品科学科,令和5年度（2023年度）,40,45,1.13,https://www.pref.chiba.lg.jp/kyouiku/shidou/press/2022/koukou/documents/ippan.pdf,千葉県教育委員会 令和5年度公立高等学校一般入学者選抜等志願者確定数一覧＜その1〜6＞（掛-1・chiba横展開R5追加・全日制のみ収録）,2026-08-21
chiba,千葉県,茂原樟陽,,土木造園科,令和5年度（2023年度）,40,36,0.9,https://www.pref.chiba.lg.jp/kyouiku/shidou/press/2022/koukou/documents/ippan.pdf,千葉県教育委員会 令和5年度公立高等学校一般入学者選抜等志願者確定数一覧＜その1〜6＞（掛-1・chiba横展開R5追加・全日制のみ収録）,2026-08-21
chiba,千葉県,茂原樟陽,,電子機械科,令和5年度（2023年度）,40,28,0.7,https://www.pref.chiba.lg.jp/kyouiku/shidou/press/2022/koukou/documents/ippan.pdf,千葉県教育委員会 令和5年度公立高等学校一般入学者選抜等志願者確定数一覧＜その1〜6＞（掛-1・chiba横展開R5追加・全日制のみ収録）,2026-08-21
chiba,千葉県,茂原樟陽,,電気科,令和5年度（2023年度）,40,19,0.48,https://www.pref.chiba.lg.jp/kyouiku/shidou/press/2022/koukou/documents/ippan.pdf,千葉県教育委員会 令和5年度公立高等学校一般入学者選抜等志願者確定数一覧＜その1〜6＞（掛-1・chiba横展開R5追加・全日制のみ収録）,2026-08-21
chiba,千葉県,茂原樟陽,,環境化学科,令和5年度（2023年度）,40,21,0.53,https://www.pref.chiba.lg.jp/kyouiku/shidou/press/2022/koukou/documents/ippan.pdf,千葉県教育委員会 令和5年度公立高等学校一般入学者選抜等志願者確定数一覧＜その1〜6＞（掛-1・chiba横展開R5追加・全日制のみ収録）,2026-08-21
chiba,千葉県,一宮商業,,商業科・情報処理科,令和5年度（2023年度）,160,102,0.64,https://www.pref.chiba.lg.jp/kyouiku/shidou/press/2022/koukou/documents/ippan.pdf,千葉県教育委員会 令和5年度公立高等学校一般入学者選抜等志願者確定数一覧＜その1〜6＞（掛-1・chiba横展開R5追加・全日制のみ収録）,2026-08-21
chiba,千葉県,大多喜,,普通科,令和5年度（2023年度）,160,129,0.81,https://www.pref.chiba.lg.jp/kyouiku/shidou/press/2022/koukou/documents/ippan.pdf,千葉県教育委員会 令和5年度公立高等学校一般入学者選抜等志願者確定数一覧＜その1〜6＞（掛-1・chiba横展開R5追加・全日制のみ収録）,2026-08-21
chiba,千葉県,大原,,総合学科,令和5年度（2023年度）,160,110,0.69,https://www.pref.chiba.lg.jp/kyouiku/shidou/press/2022/koukou/documents/ippan.pdf,千葉県教育委員会 令和5年度公立高等学校一般入学者選抜等志願者確定数一覧＜その1〜6＞（掛-1・chiba横展開R5追加・全日制のみ収録）,2026-08-21
chiba,千葉県,長狭,,普通科,令和5年度（2023年度）,160,161,1.01,https://www.pref.chiba.lg.jp/kyouiku/shidou/press/2022/koukou/documents/ippan.pdf,千葉県教育委員会 令和5年度公立高等学校一般入学者選抜等志願者確定数一覧＜その1〜6＞（掛-1・chiba横展開R5追加・全日制のみ収録）,2026-08-21
chiba,千葉県,安房拓心,,総合学科,令和5年度（2023年度）,160,117,0.73,https://www.pref.chiba.lg.jp/kyouiku/shidou/press/2022/koukou/documents/ippan.pdf,千葉県教育委員会 令和5年度公立高等学校一般入学者選抜等志願者確定数一覧＜その1〜6＞（掛-1・chiba横展開R5追加・全日制のみ収録）,2026-08-21
chiba,千葉県,安房,,普通科,令和5年度（2023年度）,240,259,1.08,https://www.pref.chiba.lg.jp/kyouiku/shidou/press/2022/koukou/documents/ippan.pdf,千葉県教育委員会 令和5年度公立高等学校一般入学者選抜等志願者確定数一覧＜その1〜6＞（掛-1・chiba横展開R5追加・全日制のみ収録）,2026-08-21
chiba,千葉県,館山総合,,工業科,令和5年度（2023年度）,40,25,0.63,https://www.pref.chiba.lg.jp/kyouiku/shidou/press/2022/koukou/documents/ippan.pdf,千葉県教育委員会 令和5年度公立高等学校一般入学者選抜等志願者確定数一覧＜その1〜6＞（掛-1・chiba横展開R5追加・全日制のみ収録）,2026-08-21
chiba,千葉県,館山総合,,商業科,令和5年度（2023年度）,40,26,0.65,https://www.pref.chiba.lg.jp/kyouiku/shidou/press/2022/koukou/documents/ippan.pdf,千葉県教育委員会 令和5年度公立高等学校一般入学者選抜等志願者確定数一覧＜その1〜6＞（掛-1・chiba横展開R5追加・全日制のみ収録）,2026-08-21
chiba,千葉県,館山総合,,海洋科,令和5年度（2023年度）,40,10,0.25,https://www.pref.chiba.lg.jp/kyouiku/shidou/press/2022/koukou/documents/ippan.pdf,千葉県教育委員会 令和5年度公立高等学校一般入学者選抜等志願者確定数一覧＜その1〜6＞（掛-1・chiba横展開R5追加・全日制のみ収録）,2026-08-21
chiba,千葉県,館山総合,,家政科,令和5年度（2023年度）,40,8,0.2,https://www.pref.chiba.lg.jp/kyouiku/shidou/press/2022/koukou/documents/ippan.pdf,千葉県教育委員会 令和5年度公立高等学校一般入学者選抜等志願者確定数一覧＜その1〜6＞（掛-1・chiba横展開R5追加・全日制のみ収録）,2026-08-21
chiba,千葉県,天羽,,普通科,令和5年度（2023年度）,120,49,0.41,https://www.pref.chiba.lg.jp/kyouiku/shidou/press/2022/koukou/documents/ippan.pdf,千葉県教育委員会 令和5年度公立高等学校一般入学者選抜等志願者確定数一覧＜その1〜6＞（掛-1・chiba横展開R5追加・全日制のみ収録）,2026-08-21
chiba,千葉県,君津商業,,商業科・情報処理科,令和5年度（2023年度）,200,185,0.93,https://www.pref.chiba.lg.jp/kyouiku/shidou/press/2022/koukou/documents/ippan.pdf,千葉県教育委員会 令和5年度公立高等学校一般入学者選抜等志願者確定数一覧＜その1〜6＞（掛-1・chiba横展開R5追加・全日制のみ収録）,2026-08-21
chiba,千葉県,木更津,,普通科,令和5年度（2023年度）,280,351,1.25,https://www.pref.chiba.lg.jp/kyouiku/shidou/press/2022/koukou/documents/ippan.pdf,千葉県教育委員会 令和5年度公立高等学校一般入学者選抜等志願者確定数一覧＜その1〜6＞（掛-1・chiba横展開R5追加・全日制のみ収録）,2026-08-21
chiba,千葉県,木更津,,理数科,令和5年度（2023年度）,40,53,1.33,https://www.pref.chiba.lg.jp/kyouiku/shidou/press/2022/koukou/documents/ippan.pdf,千葉県教育委員会 令和5年度公立高等学校一般入学者選抜等志願者確定数一覧＜その1〜6＞（掛-1・chiba横展開R5追加・全日制のみ収録）,2026-08-21
chiba,千葉県,木更津東,,普通科,令和5年度（2023年度）,120,120,1,https://www.pref.chiba.lg.jp/kyouiku/shidou/press/2022/koukou/documents/ippan.pdf,千葉県教育委員会 令和5年度公立高等学校一般入学者選抜等志願者確定数一覧＜その1〜6＞（掛-1・chiba横展開R5追加・全日制のみ収録）,2026-08-21
chiba,千葉県,木更津東,,家政科,令和5年度（2023年度）,40,40,1,https://www.pref.chiba.lg.jp/kyouiku/shidou/press/2022/koukou/documents/ippan.pdf,千葉県教育委員会 令和5年度公立高等学校一般入学者選抜等志願者確定数一覧＜その1〜6＞（掛-1・chiba横展開R5追加・全日制のみ収録）,2026-08-21
chiba,千葉県,君津,,普通科,令和5年度（2023年度）,240,228,0.95,https://www.pref.chiba.lg.jp/kyouiku/shidou/press/2022/koukou/documents/ippan.pdf,千葉県教育委員会 令和5年度公立高等学校一般入学者選抜等志願者確定数一覧＜その1〜6＞（掛-1・chiba横展開R5追加・全日制のみ収録）,2026-08-21
chiba,千葉県,君津,,園芸科,令和5年度（2023年度）,40,33,0.83,https://www.pref.chiba.lg.jp/kyouiku/shidou/press/2022/koukou/documents/ippan.pdf,千葉県教育委員会 令和5年度公立高等学校一般入学者選抜等志願者確定数一覧＜その1〜6＞（掛-1・chiba横展開R5追加・全日制のみ収録）,2026-08-21
chiba,千葉県,君津青葉,,総合学科,令和5年度（2023年度）,120,78,0.65,https://www.pref.chiba.lg.jp/kyouiku/shidou/press/2022/koukou/documents/ippan.pdf,千葉県教育委員会 令和5年度公立高等学校一般入学者選抜等志願者確定数一覧＜その1〜6＞（掛-1・chiba横展開R5追加・全日制のみ収録）,2026-08-21
chiba,千葉県,袖ヶ浦,,普通科,令和5年度（2023年度）,240,249,1.04,https://www.pref.chiba.lg.jp/kyouiku/shidou/press/2022/koukou/documents/ippan.pdf,千葉県教育委員会 令和5年度公立高等学校一般入学者選抜等志願者確定数一覧＜その1〜6＞（掛-1・chiba横展開R5追加・全日制のみ収録）,2026-08-21
chiba,千葉県,袖ヶ浦,,情報コミュニケーション科,令和5年度（2023年度）,40,41,1.03,https://www.pref.chiba.lg.jp/kyouiku/shidou/press/2022/koukou/documents/ippan.pdf,千葉県教育委員会 令和5年度公立高等学校一般入学者選抜等志願者確定数一覧＜その1〜6＞（掛-1・chiba横展開R5追加・全日制のみ収録）,2026-08-21
chiba,千葉県,市原,,普通科,令和5年度（2023年度）,80,46,0.58,https://www.pref.chiba.lg.jp/kyouiku/shidou/press/2022/koukou/documents/ippan.pdf,千葉県教育委員会 令和5年度公立高等学校一般入学者選抜等志願者確定数一覧＜その1〜6＞（掛-1・chiba横展開R5追加・全日制のみ収録）,2026-08-21
chiba,千葉県,市原,,園芸科,令和5年度（2023年度）,40,28,0.7,https://www.pref.chiba.lg.jp/kyouiku/shidou/press/2022/koukou/documents/ippan.pdf,千葉県教育委員会 令和5年度公立高等学校一般入学者選抜等志願者確定数一覧＜その1〜6＞（掛-1・chiba横展開R5追加・全日制のみ収録）,2026-08-21
chiba,千葉県,京葉,,普通科,令和5年度（2023年度）,120,129,1.08,https://www.pref.chiba.lg.jp/kyouiku/shidou/press/2022/koukou/documents/ippan.pdf,千葉県教育委員会 令和5年度公立高等学校一般入学者選抜等志願者確定数一覧＜その1〜6＞（掛-1・chiba横展開R5追加・全日制のみ収録）,2026-08-21
chiba,千葉県,市原緑,,普通科,令和5年度（2023年度）,120,134,1.12,https://www.pref.chiba.lg.jp/kyouiku/shidou/press/2022/koukou/documents/ippan.pdf,千葉県教育委員会 令和5年度公立高等学校一般入学者選抜等志願者確定数一覧＜その1〜6＞（掛-1・chiba横展開R5追加・全日制のみ収録）,2026-08-21
chiba,千葉県,姉崎,,普通科,令和5年度（2023年度）,160,183,1.14,https://www.pref.chiba.lg.jp/kyouiku/shidou/press/2022/koukou/documents/ippan.pdf,千葉県教育委員会 令和5年度公立高等学校一般入学者選抜等志願者確定数一覧＜その1〜6＞（掛-1・chiba横展開R5追加・全日制のみ収録）,2026-08-21
chiba,千葉県,市原八幡,,普通科,令和5年度（2023年度）,200,208,1.04,https://www.pref.chiba.lg.jp/kyouiku/shidou/press/2022/koukou/documents/ippan.pdf,千葉県教育委員会 令和5年度公立高等学校一般入学者選抜等志願者確定数一覧＜その1〜6＞（掛-1・chiba横展開R5追加・全日制のみ収録）,2026-08-21
chiba,千葉県,市立千葉,,普通科,令和5年度（2023年度）,280,480,1.71,https://www.pref.chiba.lg.jp/kyouiku/shidou/press/2022/koukou/documents/ippan.pdf,千葉県教育委員会 令和5年度公立高等学校一般入学者選抜等志願者確定数一覧＜その1〜6＞（掛-1・chiba横展開R5追加・全日制のみ収録）,2026-08-21
chiba,千葉県,市立千葉,,理数科,令和5年度（2023年度）,40,69,1.73,https://www.pref.chiba.lg.jp/kyouiku/shidou/press/2022/koukou/documents/ippan.pdf,千葉県教育委員会 令和5年度公立高等学校一般入学者選抜等志願者確定数一覧＜その1〜6＞（掛-1・chiba横展開R5追加・全日制のみ収録）,2026-08-21
chiba,千葉県,市立稲毛,,普通科,令和5年度（2023年度）,120,158,1.32,https://www.pref.chiba.lg.jp/kyouiku/shidou/press/2022/koukou/documents/ippan.pdf,千葉県教育委員会 令和5年度公立高等学校一般入学者選抜等志願者確定数一覧＜その1〜6＞（掛-1・chiba横展開R5追加・全日制のみ収録）,2026-08-21
chiba,千葉県,市立稲毛,,国際教養科,令和5年度（2023年度）,40,39,0.98,https://www.pref.chiba.lg.jp/kyouiku/shidou/press/2022/koukou/documents/ippan.pdf,千葉県教育委員会 令和5年度公立高等学校一般入学者選抜等志願者確定数一覧＜その1〜6＞（掛-1・chiba横展開R5追加・全日制のみ収録）,2026-08-21
chiba,千葉県,市立習志野,,普通科,令和5年度（2023年度）,240,264,1.1,https://www.pref.chiba.lg.jp/kyouiku/shidou/press/2022/koukou/documents/ippan.pdf,千葉県教育委員会 令和5年度公立高等学校一般入学者選抜等志願者確定数一覧＜その1〜6＞（掛-1・chiba横展開R5追加・全日制のみ収録）,2026-08-21
chiba,千葉県,市立習志野,,商業科,令和5年度（2023年度）,80,100,1.25,https://www.pref.chiba.lg.jp/kyouiku/shidou/press/2022/koukou/documents/ippan.pdf,千葉県教育委員会 令和5年度公立高等学校一般入学者選抜等志願者確定数一覧＜その1〜6＞（掛-1・chiba横展開R5追加・全日制のみ収録）,2026-08-21
chiba,千葉県,市立船橋,,普通科,令和5年度（2023年度）,240,307,1.28,https://www.pref.chiba.lg.jp/kyouiku/shidou/press/2022/koukou/documents/ippan.pdf,千葉県教育委員会 令和5年度公立高等学校一般入学者選抜等志願者確定数一覧＜その1〜6＞（掛-1・chiba横展開R5追加・全日制のみ収録）,2026-08-21
chiba,千葉県,市立船橋,,商業科,令和5年度（2023年度）,80,114,1.43,https://www.pref.chiba.lg.jp/kyouiku/shidou/press/2022/koukou/documents/ippan.pdf,千葉県教育委員会 令和5年度公立高等学校一般入学者選抜等志願者確定数一覧＜その1〜6＞（掛-1・chiba横展開R5追加・全日制のみ収録）,2026-08-21
chiba,千葉県,市立船橋,,体育科,令和5年度（2023年度）,80,86,1.08,https://www.pref.chiba.lg.jp/kyouiku/shidou/press/2022/koukou/documents/ippan.pdf,千葉県教育委員会 令和5年度公立高等学校一般入学者選抜等志願者確定数一覧＜その1〜6＞（掛-1・chiba横展開R5追加・全日制のみ収録）,2026-08-21
chiba,千葉県,市立松戸,,普通科,令和5年度（2023年度）,280,462,1.65,https://www.pref.chiba.lg.jp/kyouiku/shidou/press/2022/koukou/documents/ippan.pdf,千葉県教育委員会 令和5年度公立高等学校一般入学者選抜等志願者確定数一覧＜その1〜6＞（掛-1・chiba横展開R5追加・全日制のみ収録）,2026-08-21
chiba,千葉県,市立松戸,,国際人文科,令和5年度（2023年度）,40,51,1.28,https://www.pref.chiba.lg.jp/kyouiku/shidou/press/2022/koukou/documents/ippan.pdf,千葉県教育委員会 令和5年度公立高等学校一般入学者選抜等志願者確定数一覧＜その1〜6＞（掛-1・chiba横展開R5追加・全日制のみ収録）,2026-08-21
chiba,千葉県,市立柏,,普通科,令和5年度（2023年度）,280,322,1.15,https://www.pref.chiba.lg.jp/kyouiku/shidou/press/2022/koukou/documents/ippan.pdf,千葉県教育委員会 令和5年度公立高等学校一般入学者選抜等志願者確定数一覧＜その1〜6＞（掛-1・chiba横展開R5追加・全日制のみ収録）,2026-08-21
chiba,千葉県,市立柏,,スポーツ科学科,令和5年度（2023年度）,40,41,1.03,https://www.pref.chiba.lg.jp/kyouiku/shidou/press/2022/koukou/documents/ippan.pdf,千葉県教育委員会 令和5年度公立高等学校一般入学者選抜等志願者確定数一覧＜その1〜6＞（掛-1・chiba横展開R5追加・全日制のみ収録）,2026-08-21
chiba,千葉県,市立銚子,,普通科・理数科,令和5年度（2023年度）,280,271,0.97,https://www.pref.chiba.lg.jp/kyouiku/shidou/press/2022/koukou/documents/ippan.pdf,千葉県教育委員会 令和5年度公立高等学校一般入学者選抜等志願者確定数一覧＜その1〜6＞（掛-1・chiba横展開R5追加・全日制のみ収録）,2026-08-21
